漢字,漢字　県名入,ひらがな,English,標高,都道府県,エリア,緯度,経度,近くの町,,,,,
富良野,富良野　　北海道,ふらの,Furano,1876 ,北海道,北海道,43.393643,142.6351196,富良野市,,,,,
美瑛,美瑛　　北海道,びえい,Biei,240 ,北海道,北海道,43.5433073,142.6160688,美瑛町,,,,,
日高,日高　　北海道,ひだか,Hidaka,284 ,北海道,北海道,42.8952597,142.4279,日高町,,,,,
トマム・サホロ,トマム・サホロ　　北海道,とまむ・さほろ,Tomammu ・ Sahoro,530 ,北海道,北海道,43.067349,142.703682,占冠村,,,,,
ニセコ,ニセコ　　北海道,にせこ,Niseko,1266 ,北海道,北海道,42.7926461,140.6846342,ニセコ町,,,,,
利尻山,利尻山　　北海道,りしリやま,Rishiriyama,1721 ,北海道,北海道,45.1784788,141.2420214,利尻町,,,,,
羅臼岳,羅臼岳　　北海道,らうすだけ,Rausudake,1661 ,北海道,北海道,44.0749979,145.12,斜里町,,,,,
斜里岳,斜里岳　　北海道,しゃりだけ,Syaridake,1547 ,北海道,北海道,43.7656603,144.7177152,清里町,,,,,
雌阿寒岳,雌阿寒岳　　北海道,めあかんだけ,Meakanndake,1499 ,北海道,北海道,43.3863474,144.0087348,釧路市,,,,,
大雪山・旭岳,大雪山・旭岳　　北海道,たいせつざん・あさひだけ,Taisetuzan ・ Asahidake,2291 ,北海道,北海道,43.6636111,142.8541666,上川町,,,,,
トムラウシ山,トムラウシ山　　北海道,とむらうしうやま,Tomuraushiuyama,2141 ,北海道,北海道,43.5271313,142.8487039,新得町,,,,,
十勝岳,十勝岳　　北海道,とかちだけ,Tokachidake,2077 ,北海道,北海道,43.4166666,142.6808333,美瑛町,,,,,
幌尻岳,幌尻岳　　北海道,ぽろしりだけ,Poroshiridake,2052 ,北海道,北海道,42.7193396,142.6828192,新冠町,,,,,
羊蹄山,羊蹄山　　北海道,ようていざん,Youteizan,1898 ,北海道,北海道,42.8266579,140.8113888,倶知安町,,,,,
大千軒岳,大千軒岳　　北海道,だいせんげんだけ,Daisengendake,1072 ,北海道,北海道,41.5792424,140.1610836,松前町,,,,,
大雪山・黒岳,大雪山・黒岳　　北海道,たいせつざん・くろだけ,Taisetuzan ・ Kurodake,1984 ,北海道,北海道,43.6927536,142.9345398,上川町,,,,,
横津岳,横津岳　　北海道,よこつだけ,Yokotudake,1167 ,北海道,北海道,41.9378065,140.7711668,七飯町,,,,,
駒ヶ岳(剣ヶ峯),駒ヶ岳(剣ヶ峯)　　北海道,こまがたけ（けんがみね）,Komagatake (kengamine),1131 ,北海道,北海道,42.065284,140.681255,森町,,,,,
赤岩青巌峡,赤岩青巌峡　　北海道,あかいわせいがんきょう,Akaiwaseigankyou,320 ,北海道,北海道,42.9447296,142.3730957,占冠村,,,,,
昭和新山,昭和新山　　北海道,しょうわしんざん,Shouwashinzan,398 ,北海道,北海道,42.54262,140.8642029,壮瞥町,,,,,
アポイ岳,アポイ岳　　北海道,あぽいだけ,Aipodake,810 ,北海道,北海道,42.1078453,143.0256182,様似町,,,,,
石狩岳,石狩岳　　北海道,いしかりだけ,Ishikaridake,1967 ,北海道,北海道,43.5465414,143.0221579,上川町,,,,,
芦別岳,芦別岳　　北海道,あしべつだけ,Ashibetudake,1726 ,北海道,北海道,43.2356147,142.2836376,南富良野町,,,,,
見晴山,見晴山　　北海道,みはらしやま,Miharasiyama,417 ,北海道,北海道,44.3658245,142.5323604,名寄市,,,,,
ニペソツ山,ニペソツ山　　北海道,にぺそつやま,Nipesotsuyama,2013 ,北海道,北海道,43.455924,143.0321725,上士幌町,,,,,
樽前山,樽前山　　北海道,たるまえさん,Tarumaesan,1041 ,北海道,北海道,42.6903324,141.3767992,苫小牧市,,,,,
ホロホロ山,ホロホロ山　　北海道,ほろほろやま,Horohoroyama,1322 ,北海道,北海道,42.6334793,141.1424945,伊達市,,,,,
恵庭岳,恵庭岳　　北海道,えにわだけ,Eniwadake,1320 ,北海道,北海道,42.7933312,141.2841666,千歳市,,,,,
藻琴山,藻琴山　　北海道,もことやま,Mokotoyama,1000 ,北海道,北海道,43.7042706,144.331048,美幌町,,,,,
札幌岳,札幌岳　　北海道,さっぽろだけ,Sapporodake,1293 ,北海道,北海道,42.9002926,141.2002701,札幌市南区,,,,,
暑寒別岳,暑寒別岳　　北海道,しょかんべつだけ,Syokanbetsudake,1492 ,北海道,北海道,43.7159646,141.5228926,増毛町,,,,,
狩場山,狩場山　　北海道,かりばやま,Karibayama,1520 ,北海道,北海道,42.6133179,139.9407175,島牧村,,,,,
カムイエクウチカウシ山,カムイエクウチカウシ山　　北海道,かむいえくうちかうしやま,Kamuiekuuchikaushiyama,1979 ,北海道,北海道,42.6251246,142.7662896,新ひだか町,,,,,
天塩岳,天塩岳　　北海道,てしおだけ,Teshiodake,1558 ,北海道,北海道,43.9644112,142.8881014,滝上町,,,,,
小天狗岳,小天狗岳　　北海道,こてんぐだけ,Kotenngudake,765 ,北海道,北海道,42.9896509,141.1468334,札幌市南区,,,,,
積丹岳,積丹岳　　北海道,しゃこたんだけ,Syajitandake,1255 ,北海道,北海道,43.2711369,140.4800396,積丹町,,,,,
余市岳,余市岳　　北海道,よいちだけ,Yoichidake,1488 ,北海道,北海道,43.0324914,141.0183333,赤井川村,,,,,
イワオヌプリ,イワオヌプリ　　北海道,いわおぬぷり,Iwaonupuri,1116 ,北海道,北海道,42.886643,140.6405631,倶知安町,,,,,
尻別岳,尻別岳　　北海道,しりべつだけ,Shiribetsudake,1107 ,北海道,北海道,42.7724018,140.9105697,喜茂別町,,,,,
ピヤシリ山,ピヤシリ山　　北海道,ぴやしりやま,Piyashiriyama,987 ,北海道,北海道,44.4333246,142.5825,名寄,,,,,
小樽天狗山,小樽天狗山　　北海道,おたるてんぐやま,Otarutenguyama,532 ,北海道,北海道,43.1676321,140.9699651,小樽市,,,,,
雷電岳,雷電岳　　北海道,らいでんやま,Raidenyama,1211 ,北海道,北海道,42.9037044,140.4693589,蘭越町,,,,,
化雲岳,化雲岳　　北海道,かうんだけ,Kaundake,1954 ,北海道,北海道,43.5661551,142.8612785,美瑛町,,,,,
白雲岳,白雲岳　　北海道,はくうんだけ,Hakuundake,2230 ,北海道,北海道,43.6600632,142.9074563,美瑛町,,,,,
美瑛岳,美瑛岳　　北海道,びえいだけ,Bieidake,2052 ,北海道,北海道,43.439935,142.7063131,美瑛町,,,,,
富良野岳,富良野岳　　北海道,ふらのだけ,Furanodake,1912 ,北海道,北海道,43.393643,142.6351196,上富良野町,,,,,
室蘭岳(鷲別岳),室蘭岳(鷲別岳)　　北海道,むろらんだけ（わしべつだけ）,Murorandake (Washibetudake),911 ,北海道,北海道,42.4356909,141.0031757,登別市,,,,,
夕張岳,夕張岳　　北海道,ゆうばりだけ,Yuubaridake,1668 ,北海道,北海道,43.0996274,142.2509399,南富良野町,,,,,
塩谷丸山,塩谷丸山　　北海道,しおやまるやま,Shioyamaruyama,629 ,北海道,北海道,43.4173533,143.0308965,小樽市,,,,,
ペテガリ岳,ペテガリ岳　　北海道,ぺてがりだけ,Petegaridake,1736 ,北海道,北海道,42.4993642,142.8710458,新ひだか町,,,,,
知駒,知駒　　北海道,しりこま,Shirikoma,529 ,北海道,北海道,44.9583081,142.1497868,幌延町,,,,,
ニセイカウシュッペ山,ニセイカウシュッペ山　　北海道,にせいかうしゅっぺやま,Niseikaushuppeyama,1883 ,北海道,北海道,43.7799482,142.9854315,上川町,,,,,
愛別岳,愛別岳　　北海道,あいべつだけ,Aibetsudake,2113 ,北海道,北海道,43.707903,142.8571012,上川町,,,,,
西別岳,西別岳　　北海道,にしべつだけ,Nishibetudake,799 ,北海道,北海道,43.5548843,144.581197,標茶町,,,,,
当麻岳,当麻岳　　北海道,とうまだけ,Toumadake,2076 ,北海道,北海道,43.6933072,142.8436491,上川町,,,,,
昆布岳,昆布岳　　北海道,こんぶだけ,Konbudake,1045 ,北海道,北海道,42.7104172,140.6551756,ニセコ町,,,,,
オプタテシケ山,オプタテシケ山　　北海道,おぷたてしけやま,Opetatesikeyama,2012 ,北海道,北海道,43.4702473,142.7515284,新得町,,,,,
剣山,剣山　　北海道,つるぎやま,Tsurugiyama,1205 ,北海道,北海道,42.8486006,142.8850192,清水町,,,,,
イチャンコッペ山,イチャンコッペ山　　北海道,いちゃんこっぺやま,Ichankoppeyama,829 ,北海道,北海道,42.8245555,141.3454872,恵庭市,,,,,
手稲山,手稲山　　北海道,ていねやま,Teineyama,1023 ,北海道,北海道,43.076675,141.1926452,札幌市手稲区,,,,,
雄鉾岳,雄鉾岳　　北海道,おぼこだけ,Obokodake,1000 ,北海道,北海道,42.1541067,140.1162039,八雲町,,,,,
武佐岳,武佐岳　　北海道,むさだけ,Musadake,1005 ,北海道,北海道,43.6777291,144.8817362,中標津町,,,,,
百松沢山,百松沢山　　北海道,ひゃくまつざわやま,Hyakumatuzawayama,1038 ,北海道,北海道,43.0210991,141.2040633,札幌市西区,,,,,
知床岳,知床岳　　北海道,しれとこだけ,Shiretokodake,1254 ,北海道,北海道,44.2357985,145.2716666,斜里町,,,,,
楽古岳,楽古岳　　北海道,らっこだけ,Rakkodake,1472 ,北海道,北海道,42.2724751,143.111172,広尾町,,,,,
野塚岳,野塚岳　　北海道,のづかだけ,Nozukadake,1353 ,北海道,北海道,42.3290839,143.0477451,広尾町,,,,,
無意根山,無意根山　　北海道,むいねやま,Muineyama,1464 ,北海道,北海道,42.9286334,141.0395796,京極町,,,,,
音江山,音江山　　北海道,おとえやま,Otoeyama,796 ,北海道,北海道,43.6462862,142.0818077,深川市,,,,,
漁岳,漁岳　　北海道,いざりだけ,Izaridake,1318 ,北海道,北海道,42.8211706,141.2355381,恵庭市,,,,,
雄阿寒岳,雄阿寒岳　　北海道,おあかんだけ,Oakanndake,1370 ,北海道,北海道,43.4533311,144.1625,釧路市,,,,,
十勝幌尻岳,十勝幌尻岳　　北海道,とかちぽろしりだけ,Tokachiporoshiridake,1846 ,北海道,北海道,42.6953264,142.8594559,帯広市,,,,,
伊達紋別岳,伊達紋別岳　　北海道,だてもんべつだけ,Datemonbetsudake,715 ,北海道,北海道,42.4854897,140.9368733,伊達市,,,,,
伏美岳,伏美岳　　北海道,ふしみだけ,Fushimidake,1792 ,北海道,北海道,42.7764861,142.7657622,帯広市,,,,,
美幌峠,美幌峠　　北海道,びほろとうげ,Bihorotouge,483 ,北海道,北海道,43.6469183,144.2497658,弟子屈町,,,,,
風不死岳,風不死岳　　北海道,ふっぷしだけ,Fuppushidake,1103 ,北海道,北海道,42.7169111,141.3590341,千歳市,,,,,
空沼岳,空沼岳　　北海道,そらぬまだけ,Soranumadake,1251 ,北海道,北海道,42.8648614,141.2537323,札幌市南区,,,,,
鏡山,鏡山　　北海道,かがみやま,Kagamiyama,330 ,北海道,北海道,41.7985305,140.5799671,北斗市,,,,,
1839峰,1839峰　　北海道,いっぱーさんきゅうほう　1839ほう,Ippasankyuhou 1839hou,1842 ,北海道,北海道,42.5393435,142.8080817,新ひだか町,,,,,
上ホロカメットク山,上ホロカメットク山　　北海道,かみほろかめっとくやま,Kamihorokamettokuyama,1920 ,北海道,北海道,43.4048034,142.6719111,南富良野町,,,,,
砥石山,砥石山　　北海道,といしやま,Toishiyama,826 ,北海道,北海道,42.9975422,141.2586987,札幌市中央区,,,,,
オロフレ山,オロフレ山　　北海道,おろふれやま,Orofureyama,1231 ,北海道,北海道,42.566315,141.0868611,白老町,,,,,
チセヌプリ,チセヌプリ　　北海道,ちせぬぷり,Chisenupuri,1134 ,北海道,北海道,42.8881622,140.5964991,共和町,,,,,
三段山,三段山　　北海道,さんだんやま,Sandanyama,1748 ,北海道,北海道,43.4152438,142.6654273,上富良野町,,,,,
大黒山,大黒山　　北海道,だいこくやま,Daikouyama,725 ,北海道,北海道,43.1062347,140.7764929,仁木町,,,,,
浦臼山,浦臼山　　北海道,うらうすやま,Urausuyama,718 ,北海道,北海道,43.4668029,141.7622106,浦臼町,,,,,
目国内岳,目国内岳　　北海道,めくんないだけ,Mekunnaidake,1220 ,北海道,北海道,42.8997628,140.5153667,蘭越町,,,,,
長万部岳,長万部岳　　北海道,おしゃまんべだけ,Osyamanbedake,973 ,北海道,北海道,42.5874279,140.1896515,今金町,,,,,
チトカニウシ山,チトカニウシ山　　北海道,ちとかにうしやま,Chitokaniusiyama,1446 ,北海道,北海道,43.9068241,143.0485356,遠軽町,,,,,
北鎮岳,北鎮岳　　北海道,ほくちんだけ,Hokuchindake,2244 ,北海道,北海道,43.6928347,142.8798716,東川町,,,,,
緑岳,緑岳　　北海道,みどりだけ,Midoridak,2020 ,北海道,北海道,43.6504058,142.9203361,上川町,,,,,
忠別岳,忠別岳　　北海道,ちゅうべつだけ,Chubetsudake,1963 ,北海道,北海道,43.5914732,142.8945789,上川町,,,,,
ウペペサンケ山,ウペペサンケ山　　北海道,うぺぺさんけやま,Upepesankeyama,1848 ,北海道,北海道,43.3895038,143.0811174,上士幌町,,,,,
仁頃山,仁頃山　　北海道,にころやま,Nikoroyama,829 ,北海道,北海道,43.8783039,143.7183818,佐呂間町,,,,,
アトサヌプリ(硫黄山),アトサヌプリ(硫黄山)　　北海道,あとさぬぷり（いおうやま）,Asatonupuri (Iouyama),508 ,北海道,北海道,43.6101937,144.4385953,弟子屈町,,,,,
知床硫黄山,知床硫黄山　　北海道,しれとこいおうざん,Shiretokoiouzan,1562 ,北海道,北海道,44.1332289,145.1615411,斜里町,,,,,
エサオマントッタベツ岳,エサオマントッタベツ岳　　北海道,えさおまんとったべつだけ,Esaomantotabetsudake,1902 ,北海道,北海道,42.6892761,142.7578809,新冠町,,,,,
富良野西岳,富良野西岳　　北海道,ふらのにしだけ,Furanonishidake,1331 ,北海道,北海道,43.3092273,142.3114991,富良野市,,,,,
シャクナゲ岳,シャクナゲ岳　　北海道,しゃくなげだけ,Syakunagedake,1074 ,北海道,北海道,42.8888263,140.577228,蘭越町,,,,,
有珠山,有珠山　　北海道,うすざん,Usuzan,733 ,北海道,北海道,42.538144,140.8317694,壮瞥町,,,,,
遊楽部岳,遊楽部岳　　北海道,ゆうらっぷだけ,Yuurappudake,1277 ,北海道,北海道,42.2187305,140.0101489,八雲町,,,,,
ペンケヌーシ岳,ペンケヌーシ岳　　北海道,ぺんけぬーしだけ,Penkenushidake,1750 ,北海道,北海道,42.8921558,142.6797164,日高町,,,,,
阿寒富士,阿寒富士　　北海道,あかんふじ,Akanfuji,1476 ,北海道,北海道,43.3740404,144.0064883,白糠町,,,,,
石北峠,石北峠　　北海道,せきほくとうげ,Sekihokutouge,1050 ,北海道,北海道,43.7521713,143.3134449,北見市,,,,,
中山峠,中山峠　　北海道,なかやまとうげ,Nakayamatouge,835 ,北海道,北海道,42.8558026,141.0966627,喜茂別,,,,,
恵山,恵山　　北海道,えさん,Esan,618 ,北海道,北海道,41.8047569,141.1662239,函館市,,,,,
ピンネシリ,ピンネシリ　　北海道,ぴんねしり,Pinneshiri,1100 ,北海道,北海道,43.4917064,141.7066256,新十津川町,,,,,
芽室岳,芽室岳　　北海道,めむろだけ,Memurodake,1754 ,北海道,北海道,42.8688434,142.7853815,清水町,,,,,
海別岳,海別岳　　北海道,うなべつだけ,Unabetsudake,1419 ,北海道,北海道,43.8767341,144.8764545,斜里町,,,,,
音威富士,音威富士　　北海道,おといふじ,Otoifuji,489 ,北海道,北海道,44.7367698,142.2937243,音威子府村,,,,,
群別岳,群別岳　　北海道,くんべつだけ,Kunbetsudake,1376 ,北海道,北海道,43.6847433,141.4877383,石狩市,,,,,
神居尻山,神居尻山　　北海道,かむいしりやま,Kamuishiriyama,947 ,北海道,北海道,43.5005098,141.6624675,当別町,,,,,
ルクシ峠,ルクシ峠　　北海道,るくしとうげ,Rukushitouge,239 ,北海道,北海道,43.96877925,143.74121442,佐呂間町,,,,,
佐幌岳,佐幌岳　　北海道,さほろだけ,Sahorodake,1060 ,北海道,北海道,43.1736624,142.7799583,新得町,,,,,
平山,平山　　北海道,ひらやま,Hirayama,1771 ,北海道,北海道,43.760316,143.0076646,遠軽町,,,,,
札内岳,札内岳　　北海道,さつないだけ,Satunaidake,1896 ,北海道,北海道,42.6937351,142.7967108,中札内村,,,,,
コイカクシュサツナイ岳,コイカクシュサツナイ岳　　北海道,こいかくしゅさつないだけ,Koikakusyusatsunaidake,1721 ,北海道,北海道,42.5705031,142.8249976,新ひだか町,,,,,
礼文岳,礼文岳　　北海道,れぶんだけ,Rebundake,490 ,北海道,北海道,45.3724149,141.0156699,礼文町,,,,,
田代平,田代平　　青森県,たしろたい,Tasirotai,613 ,青森県,東北,40.0845998,141.1293389,青森市,,,,,
奥入瀬,奥入瀬　　青森県,おいらせ,Oirase,88 ,青森県,東北,40.519818,140.9706503,十和田市,,,,,
恐山,恐山　　青森県,おそれざん,Osorezan,227 ,青森県,東北,41.308333,141.088056,むつ市,,,,,
高田大岳,高田大岳　　青森県,たかだおおだけ,Takadaoodake,1552 ,青森県,東北,40.6528406,140.9083273,十和田市,,,,,
岩木山,岩木山　　青森県,いわきさん,Iwakisan,1625 ,青森県,東北,40.6559743,140.3030913,弘前市,,,,,
八甲田山,八甲田山　　青森県,はっこうださん,Hakkoudasan,1584 ,青森県,東北,40.6563169,140.8936755,青森市,,,,,
白神岳,白神岳　　青森県,しらかみだけ,Shiragamidake,1235 ,青森県,東北,40.5036635,140.0186827,深浦町,,,,,
三ツ岳,三ツ岳　　青森県,みつだけ,Mitsudake,1159 ,青森県,東北,40.4529315,141.0014784,新郷村,,,,,
十和田山,十和田山　　青森県,とわだやま,Towadayama,1054 ,青森県,東北,40.4632745,140.970726,十和田市,,,,,
八幡平,八幡平　岩手県,はちまんたい,Hachimantai,1614 ,岩手県,東北,39.957778,140.854167,八幡平市,,,,,
安比高原,安比高原　　岩手県,あっぴこうげん,Appikougen,837 ,岩手県,東北,39.993995,140.93844,八幡平市,,,,,
雫石,雫石　　岩手県,しずくいし,Shizukuishi,306 ,岩手県,東北,39.7020178,140.9184786,雫石町,,,,,
早池峰山,早池峰山　　岩手県,はやちねさん,Haychinesan,1914 ,岩手県,東北,39.5582869,141.4889072,宮古市,,,,,
平庭高原,平庭高原　　岩手県,ひらにわこうげん,Hiraniakougen,808 ,岩手県,東北,40.0854684,141.5059813,久慈市,,,,,
岩手山,岩手山　　岩手県,いわてさん,Iwatesan,2038 ,岩手県,東北,39.8533312,141.0008333,滝沢市,,,,,
折爪岳,折爪岳　　岩手県,おりつめだけ,Oritsumedake,852 ,岩手県,東北,40.2685905,141.3744293,九戸村,,,,,
和賀岳,和賀岳　　岩手県,わがだけ,Wagadake,1440 ,岩手県,東北,39.570461,140.7541631,西和賀町,,,,,
姫神山,姫神山　　岩手県,ひめかみさん,Himekamisan,1124 ,岩手県,東北,39.8440689,141.2469091,盛岡市,,,,,
七時雨山,七時雨山　　岩手県,ななしぐれやま,Nanashigureyama,1060 ,岩手県,東北,40.0692489,141.1056082,八幡平市,,,,,
鞍掛山,鞍掛山　　岩手県,くらかけやま,Kurakakeyama,897 ,岩手県,東北,39.8210544,141.0230774,滝沢市,,,,,
兜明神岳,兜明神岳　　岩手県,かぶとみようじんだけ,Kabutomiyoujindake,1005 ,岩手県,東北,39.6561676,141.3695212,宮古市,,,,,
五葉山,五葉山　　岩手県,ごようざん,Goyouzan,1351 ,岩手県,東北,39.2033312,141.7275,釜石市,,,,,
焼石岳,焼石岳　　岩手県,やけいしだけ,Yakeishidake,1548 ,岩手県,東北,39.1637405,140.8285815,釜石市,,,,,
三ツ石山,三ツ石山　　岩手県,みついしさん,Mitsuishisan,1466 ,岩手県,東北,39.8516288,140.8963659,八幡平市,,,,,
東根山,東根山　　岩手県,あずまねさん,Azumanesan,928 ,岩手県,東北,39.587139,141.0595303,紫波町,,,,,
駒ヶ岳 ,駒ヶ岳 　　岩手県,こまがたけ,Komagatake,1130 ,岩手県,東北,39.1955404,140.9198025,北上市,,,,,
物見山,物見山　　岩手県,ものみやま,Monomiyama,870 ,岩手県,東北,39.3201651,141.1933208,住田町,,,,,
牛形山,牛形山　　岩手県,うしがたやま,Ushigatayama,1340 ,岩手県,東北,39.2016583,140.8590471,西和賀町,,,,,
蔵王(刈田岳),蔵王(刈田岳)　　宮城県,みやぎざおう（かつただけ）,zaou (Katsutadake),1758 ,宮城県,東北,38.127888,140.4480739,蔵王町,,,,,
栗駒山,栗駒山　　宮城県,くりこまやま,Kurikomayama,1626 ,宮城県,東北,38.960983,140.7880723,栗原市,,,,,
泉ヶ岳,泉ヶ岳　　宮城県,いずみがたけ,Izumigatake,1175 ,宮城県,東北,38.4122231,140.7088189,仙台市泉区,,,,,
大東岳,大東岳　　宮城県,だいとうだけ,Daitoudake,1365 ,宮城県,東北,38.3019179,140.5234857,仙台市太白区,,,,,
神室岳,神室岳　　宮城県,かむろだけ,Kamurodake,1356 ,宮城県,東北,38.2557718,140.4864158,川崎町,,,,,
屏風岳,屏風岳　　宮城県,"びょうぶだけ
",Byoubudake,1825 ,宮城県,東北,38.095648,140.475999,蔵王町,,,,,
徳仙丈山,徳仙丈山　　宮城県,とくせんじょうさん,Tokusenjyousan,711 ,宮城県,東北,38.8484199,141.4697982,気仙沼市,,,,,
金華山,金華山　　宮城県,きんかさん,Kinkasan,445 ,宮城県,東北,38.295278,141.566667,石巻市,,,,,
小安峡,小安峡　　秋田県,おやすきょう,Oyasukyou,305 ,秋田県,東北,39.011547,140.660549,湯沢市,,,,,
田沢湖高原,田沢湖高原　　秋田県,たざわここうげん,Tazawakokougen,698 ,秋田県,東北,39.761511,140.760398,仙北市,,,,,
八幡平,八幡平　　秋田県,はちまんたい,Hachimantai,1613 ,秋田県,東北,39.9568117,140.8547867,鹿角市,,,,,
鳥海山北麓,鳥海山北麓　　秋田県,ちょうかいさん ほくろく,Choukaisan Hokuroku,985 ,秋田県,東北,,,由利本荘市,,,,,
秋田駒ヶ岳,秋田駒ヶ岳　　秋田県,あきたこまがたけ,Akita komagatke,1637 ,秋田県,東北,39.761105,140.799365,仙北市,,,,,
森吉山,森吉山　　秋田県,もりよしざん,Moriyoshizan,1454 ,秋田県,東北,39.9766222,140.5445983,北秋田市,,,,,
真昼岳,真昼岳　　秋田県,まひるだけ,Mahirudake,1059 ,秋田県,東北,39.4480566,140.6765634,美郷町,,,,,
太平山,太平山　　秋田県,たいへいざん,Taiheizan,1170 ,秋田県,東北,39.7970902,140.3106807,秋田市,,,,,
藤里駒ヶ岳,藤里駒ヶ岳　　秋田県,ふじさとこまがたけ,Fujisatokomagatake,1158 ,秋田県,東北,40.4129127,140.2512943,藤里町,,,,,
乳頭山（烏帽子岳）,乳頭山（烏帽子岳）　　秋田県,にゅうとうざん（えぼしだけ）,Nyuutouzan(Eboshidake) ,1478 ,秋田県,東北,39.8049357,140.8383381,仙北市,,,,,
虎毛山,虎毛山　　秋田県,とらけやま,Torakeyama,1433 ,秋田県,東北,38.9044237,140.6188169,湯沢市,,,,,
高館山, 高館山　　秋田県,たかだてやま,Takadateyama,293 ,秋田県,東北,39.3207316,140.2383268,由利本荘市,,,,,
秋田焼山,秋田焼山　　秋田県,あきたやけやま,Akita Yakeyama,1366 ,秋田県,東北,39.963525,140.7575508,仙北市,,,,,
鳳凰山,鳳凰山　　秋田県,ほうおうざん,Hououzan,521 ,秋田県,東北,40.2765137,140.6212833,大館市,,,,,
田代岳,田代岳　　秋田県,たしろだけ,Tashirodake,1178 ,秋田県,東北,40.4285942,140.4091552,大館市,,,,,
白神山地 二ツ森,白神山地 二ツ森　　秋田県,しらかみさんち ふたつもり,Shirakamisanti Futatsumori,1086 ,秋田県,東北,40.4349866,140.1180557,藤里町,,,,,
寒風山,寒風山　　秋田県,かんぷうざん,Kanpuuzan,355 ,秋田県,東北,39.933611,139.875278,男鹿市,,,,,
 薬師岳,薬師岳　　秋田県,やくしだけ,Yakushidake,1218 ,秋田県,東北,39.554711,140.72967,大仙市,,,,,
蔵王ロープウェイ山麓駅,蔵王ロープウェイ山麓駅　　山形県,ざおうろーぷうぇいさんろくえき,Zaou Ropeway Sanroku station,848 ,山形県,東北,38.161694,140.39514,山形市,,,,,
羽黒山,羽黒山　　山形県,はぐろさん,Hagurosan,414 ,山形県,東北,38.7024703,139.9829184,鶴岡市,,,,,
月山,月山　　山形県,がっさん,Gassan,1984 ,山形県,東北,38.548889,140.026944,西川町,,,,,
鳥海ブルーライン,鳥海ブルーライン　　山形県,ちょうかいぶるーらいん,Choukai Blue line,1017 ,山形県,東北,39.106555,139.979164,遊佐町,,,,,
鳥海山,鳥海山　　山形県,ちょうかいさん,Choukaisan,2236 ,山形県,東北,39.0991645,140.0508333,遊佐町,,,,,
大朝日岳,大朝日岳　　山形県,おおあさひだけ,Ooasahidake,1870 ,山形県,東北,38.2605688,139.922205,朝日町,,,,,
祝瓶山,祝瓶山　　山形県,いわいがめやま,Iwaigameyama,1417 ,山形県,東北,38.1976409,139.8795394,長井市,,,,,
船形山（御所山）,船形山（御所山）　　山形県,ふながたやま（ごしょざん）,Funagatayama (Gsyozan),1500 ,山形県,東北,38.455556,140.620083,尾花沢市,,,,,
面白山,面白山　　山形県,おもしろやま,Omoshiroyama,1264 ,山形県,東北,38.3488815,140.5219444,山形市,,,,,
禿岳,禿岳　　山形県,かむろだけ,Kamurodake,1262 ,山形県,東北,38.8110084,140.5951015,最上町,,,,,
倉手山,倉手山　　山形県,くらてやま,Kurateyama,952 ,山形県,東北,37.937463,139.6732901,小国町,,,,,
寒江山,寒江山　　山形県,かんこうざん,kankouzan,1695 ,山形県,東北,38.3064922,139.8790595,西川町,,,,,
以東岳,以東岳　　山形県,いとうだけ,Itoudake,1771 ,山形県,東北,38.342844,139.848926,鶴岡市,,,,,
葉山,葉山　　山形県,はやま,Hayama,1462 ,山形県,東北,38.5293212,140.2104867,寒河江市,,,,,
湯殿山,湯殿山　　山形県,ゆどのさん,Yudonosan,1500 ,山形県,東北,38.530833,139.984722,鶴岡市,,,,,
神室山,神室山　　山形県,かむろさん,Kamurosan,1365 ,山形県,東北,38.899444,140.495833,金山町,,,,,
瀧山,瀧山　　山形県,りゅうざん,Ryuuzan,1362 ,山形県,東北,38.183028,140.3948722,山形市,,,,,
雁戸山,雁戸山　　山形県,がんどさん,Gandosan,1485 ,山形県,東北,38.1994988,140.4774683,山形市,,,,,
天狗角力取山,天狗角力取山　　山形県,てんぐすもうとりやま,Tengusumoutoriyama,1376 ,山形県,東北,38.362699,139.913592,西川町,,,,,
障子ヶ岳,障子ヶ岳　　山形県,しょうじがたけ,Syoujigatake,1482 ,山形県,東北,38.380977,139.910803,西川町,,,,,
蔵王連峰(熊野岳),蔵王連峰(熊野岳)　　山形県,くまのだけ,Kumanodake,1841 ,山形県,東北,38.143861,140.439857,山形市,,,,,
東大巓,東大巓　　山形県,ひがしだいてん,Higashidaiten,1928 ,山形県,東北,37.7545723,140.1884736,米沢市,,,,,
栂峰,栂峰　　山形県,つがみね,Tsugamine,1541 ,山形県,東北,37.8286726,139.9376353,米沢市,,,,,
摩耶山,摩耶山　　山形県,まやさん,Mayasan,1020 ,山形県,東北,38.520585,139.728025,鶴岡市,,,,,
磐梯山ゴールドライン,磐梯山ゴールドライン　　福島県,ばんだいさんごーるどらいん,Bandaisan Gold Line,1131 ,福島県,東北,37.606362,140.052487,磐梯町,,,,,
会津駒ヶ岳,会津駒ヶ岳　　福島県,あいづこまがだけ,Aizu Komagadake,2133 ,福島県,東北,37.047505,139.3533325,檜枝岐村,,,,,
飯豊山,飯豊山　　福島県,いいでさん,Iidesan,2105 ,福島県,東北,37.8548874,139.7071939,喜多方市,,,,,
吾妻山,吾妻山　　福島県,あづまやま,Azumayama,2035 ,福島県,東北,37.7428646,140.1830724,猪苗代町,,,,,
安達太良山,安達太良山　　福島県,あだたらやま,Adatarayama,1718 ,福島県,東北,37.6270454,140.2856777,郡山市,,,,,
磐梯山,磐梯山　　福島県,ばんだいさん,Bandaisan,1819 ,福島県,東北,37.6009673,140.0721786,猪苗代町,,,,,
燧ヶ岳（柴安ぐら）,燧ヶ岳（柴安ぐら）　　福島県,ひうちがたけ（しばやすぐら）,Hiutigatake (Shibayasugura),2356 ,福島県,東北,36.955078,139.285355,檜枝岐村,,,,,
甲子山,甲子山　　福島県,かしざん,Kashizan,1549 ,福島県,東北,37.187183,139.969535,西郷村,,,,,
御神楽岳,御神楽岳　　福島県,ほんなみかぐらだけ,Honnamikaguradake,1386 ,福島県,東北,37.521889,139.425861,金山町,,,,,
会津朝日岳,会津朝日岳　　福島県,あいづあさひだけ,Aizu Asahidake,1624 ,福島県,東北,37.221139,139.339639,只見町,,,,,
西吾妻山,西吾妻山　　福島県,にしあずまやま,Nishiazumayama,2035 ,福島県,東北,37.7381561,140.1407857,北塩原村,,,,,
赤面山,赤面山　　福島県,あかづらやま,Akazurayama,1701 ,福島県,東北,37.149951,139.986562,西郷村,,,,,
二ッ箭山,二ッ箭山　　福島県,ふたつやさん,Ftatsuyasan,710 ,福島県,東北,37.173107,140.870511,いわき市,,,,,
田代山,田代山　　福島県,たしろやま,Tashiroyama,1971 ,福島県,東北,36.9744715,139.4786297,南会津町,,,,,
三岩岳,三岩岳　　福島県,みついわだけ,Mitsuiwadake,2065 ,福島県,東北,37.0821807,139.3798318,檜枝岐村,,,,,
背戸峨廊,背戸峨廊　　福島県,せとがろう,Setogarou,218 ,福島県,東北,37.1833276,140.8291229,いわき市,,,,,
東吾妻山,東吾妻山　　福島県,ひがしあづまやま,Higashiazumayama,1975 ,福島県,東北,37.7284399,140.2528714,福島市,,,,,
二岐山,二岐山　　福島県,ふたまたやま,Futamatayama,1544 ,福島県,東北,37.247368,139.9673487,天栄村,,,,,
川桁山,川桁山　　福島県,かわげたやま,Kawagetayama,1413 ,福島県,東北,37.558392,140.177451,猪苗代町,,,,,
飯森山,飯森山　　福島県,いいもりさん,Iimorisan,1595 ,福島県,東北,37.8153161,139.932743,喜多方市,,,,,
箕輪山,箕輪山　　福島県,みのわやま,Minowayama,1728 ,福島県,東北,37.647025,140.2810746,猪苗代町,,,,,
七ヶ岳,七ヶ岳　　福島県,ななつがたけ,Nanatsugatake,1636 ,福島県,東北,37.124278,139.657472,南会津町,,,,,
博士山,博士山　　福島県,はかせやま,Hakaseyama,1482 ,福島県,東北,37.3633309,139.714812,柳津町,,,,,
蓬田岳,蓬田岳　　福島県,よもぎだだけ,Yomogidadake,952 ,福島県,東北,37.265737,140.53477,平田村,,,,,
鏡山,鏡山　　福島県,かがみやま,Kagamiyama,1339 ,福島県,東北,37.793776,139.704226,西会津町,,,,,
旭岳,旭岳　　福島県,あさひだけ,Asahidake,1835 ,福島県,東北,37.180278,139.959444,下郷町,,,,,
三倉山,三倉山　　福島県,みくらやま,Mikurayama,1888 ,福島県,東北,37.154497,139.902639,下郷町,,,,,
霊山,霊山　　福島県,りょうぜん,Ryouzen,825 ,福島県,東北,37.768544,140.687146,伊達市,,,,,
蒲生岳,蒲生岳　　福島県,がもうだけ,Gamoudake,828 ,福島県,東北,37.3886442,139.335666,只見町,,,,,
半田山,半田山　　福島県,はんだやま,Handayama,863 ,福島県,東北,37.887801,140.48596,桑折町,,,,,
三株山,三株山　　福島県,みかぶやま,Mikabuyama,841 ,福島県,東北,37.0180781,140.592802,古殿町,,,,,
大戸沢岳,大戸沢岳　　福島県,おおとざわだけ,Ootozawadake,2089 ,福島県,東北,37.0544712,139.3694925,檜枝岐村,,,,,
帝釈山,帝釈山　　福島県,たいしゃくさん,Taisyakusan,2060 ,福島県,東北,36.969806,139.459972,南会津町,,,,,
権太倉山,権太倉山　　福島県,ごんたくらやま,Gontakurayama,976 ,福島県,東北,37.2578085,140.1289813,天栄村,,,,,
弥彦山,弥彦山,,,,新潟県,北陸,,,,,,,,
妙高高原,妙高高原,,,,新潟県,北陸,,,,,,,,
越後湯沢,越後湯沢,,,,新潟県,北陸,,,,,,,,
苗場,苗場,,,,新潟県,北陸,,,,,,,,
妙高山,妙高山,,,,新潟県,北陸,,,,,,,,
火打山,火打山,,,,新潟県,北陸,,,,,,,,
越後駒ヶ岳,越後駒ヶ岳,,,,新潟県,北陸,,,,,,,,
平ヶ岳,平ヶ岳,,,,新潟県,北陸,,,,,,,,
巻機山,巻機山,,,,新潟県,北陸,,,,,,,,
二王子岳,二王子岳,,,,新潟県,北陸,,,,,,,,
御神楽岳,御神楽岳,,,,新潟県,北陸,,,,,,,,
八海山,八海山,,,,新潟県,北陸,,,,,,,,
えぶり差岳,えぶり差岳,,,,新潟県,北陸,,,,,,,,
苗場山,苗場山,,,,新潟県,北陸,,,,,,,,
小蓮華山,小蓮華山,,,,新潟県,北陸,,,,,,,,
守門岳,守門岳,,,,新潟県,北陸,,,,,,,,
坂戸山,坂戸山,,,,新潟県,北陸,,,,,,,,
金北山,金北山,,,,新潟県,北陸,,,,,,,,
鳴倉山,鳴倉山,,,,新潟県,北陸,,,,,,,,
仙ノ倉山,仙ノ倉山,,,,新潟県,北陸,,,,,,,,
浅草岳,浅草岳,,,,新潟県,北陸,,,,,,,,
粟ヶ岳,粟ヶ岳,,,,新潟県,北陸,,,,,,,,
米山,米山,,,,新潟県,北陸,,,,,,,,
大源太山,大源太山,,,,新潟県,北陸,,,,,,,,
五頭山,五頭山,,,,新潟県,北陸,,,,,,,,
新潟焼山,新潟焼山,,,,新潟県,北陸,,,,,,,,
大日岳,大日岳,,,,新潟県,北陸,,,,,,,,
神楽ケ峰,神楽ケ峰,,,,新潟県,北陸,,,,,,,,
粟立山,粟立山,,,,新潟県,北陸,,,,,,,,
ドンデン山,ドンデン山,,,,新潟県,北陸,,,,,,,,
阿寺山,阿寺山,,,,新潟県,北陸,,,,,,,,
白山,白山,,,,新潟県,北陸,,,,,,,,
大蔵山,大蔵山,,,,新潟県,北陸,,,,,,,,
菅名岳,菅名岳,,,,新潟県,北陸,,,,,,,,
菱ヶ岳(阿賀野市),菱ヶ岳(阿賀野市),,,,新潟県,北陸,,,,,,,,
高津倉山,高津倉山,,,,新潟県,北陸,,,,,,,,
鉾ヶ岳,鉾ヶ岳,,,,新潟県,北陸,,,,,,,,
光兎山,光兎山,,,,新潟県,北陸,,,,,,,,
北股岳,北股岳,,,,新潟県,北陸,,,,,,,,
立山山麓,立山山麓,,,,富山県,北陸,,,,,,,,
美女平,美女平,,,,富山県,北陸,,,,,,,,
弥陀が原,弥陀が原,,,,富山県,北陸,,,,,,,,
五箇山,五箇山,,,,富山県,北陸,,,,,,,,
稲葉山,稲葉山,,,,富山県,北陸,,,,,,,,
倶梨伽羅峠,倶梨伽羅峠,,,,富山県,北陸,,,,,,,,
二上山,二上山,,,,富山県,北陸,,,,,,,,
剣岳,剣岳,,,,富山県,北陸,,,,,,,,
黒部五郎岳,黒部五郎岳,,,,富山県,北陸,,,,,,,,
黒岳(水晶岳),黒岳(水晶岳),,,,富山県,北陸,,,,,,,,
薬師岳,薬師岳,,,,富山県,北陸,,,,,,,,
立山,立山,,,,富山県,北陸,,,,,,,,
雲ノ平,雲ノ平,,,,富山県,北陸,,,,,,,,
金剛堂山,金剛堂山,,,,富山県,北陸,,,,,,,,
僧ケ岳,僧ケ岳,,,,富山県,北陸,,,,,,,,
毛勝山,毛勝山,,,,富山県,北陸,,,,,,,,
猫又山,猫又山,,,,富山県,北陸,,,,,,,,
小佐波御前山,小佐波御前山,,,,富山県,北陸,,,,,,,,
奥大日岳,奥大日岳,,,,富山県,北陸,,,,,,,,
三俣蓮華岳,三俣蓮華岳,,,,富山県,北陸,,,,,,,,
太郎山,太郎山,,,,富山県,北陸,,,,,,,,
白木峰,白木峰,,,,富山県,北陸,,,,,,,,
白鳥山,白鳥山,,,,富山県,北陸,,,,,,,,
室堂平,室堂平,,,,富山県,北陸,,,,,,,,
雄山,雄山,,,,富山県,北陸,,,,,,,,
鍬崎山,鍬崎山,,,,富山県,北陸,,,,,,,,
雪倉岳,雪倉岳,,,,富山県,北陸,,,,,,,,
中山,中山,,,,富山県,北陸,,,,,,,,
朝日岳,朝日岳,,,,富山県,北陸,,,,,,,,
駒ヶ岳,駒ヶ岳,,,,富山県,北陸,,,,,,,,
赤牛岳,赤牛岳,,,,富山県,北陸,,,,,,,,
真砂岳,真砂岳,,,,富山県,北陸,,,,,,,,
国見岳,国見岳,,,,富山県,北陸,,,,,,,,
大日岳,大日岳,,,,富山県,北陸,,,,,,,,
小白木峰,小白木峰,,,,富山県,北陸,,,,,,,,
白山・御前峰,白山・御前峰,,,,石川県,北陸,,,,,,,,
医王山,医王山,,,,石川県,北陸,,,,,,,,
宝達山,宝達山,,,,石川県,北陸,,,,,,,,
倉ヶ岳,倉ヶ岳,,,,石川県,北陸,,,,,,,,
石動山,石動山,,,,石川県,北陸,,,,,,,,
高三郎山,高三郎山,,,,石川県,北陸,,,,,,,,
大笠山,大笠山,,,,石川県,北陸,,,,,,,,
一里野高原,一里野高原,,,,石川県,北陸,,,,,,,,
獅子吼高原,獅子吼高原,,,,石川県,北陸,,,,,,,,
野田山,野田山,,,,石川県,北陸,,,,,,,,
白山白峰,白山白峰,,,,石川県,北陸,,,,,,,,
富士写ヶ岳,富士写ヶ岳,,,,石川県,北陸,,,,,,,,
三村山,三村山,,,,石川県,北陸,,,,,,,,
鳴谷山,鳴谷山,,,,石川県,北陸,,,,,,,,
大日山,大日山,,,,石川県,北陸,,,,,,,,
山毛欅尾山,山毛欅尾山,,,,石川県,北陸,,,,,,,,
奈良岳,奈良岳,,,,石川県,北陸,,,,,,,,
鞍掛山,鞍掛山,,,,石川県,北陸,,,,,,,,
大倉岳,大倉岳,,,,石川県,北陸,,,,,,,,
鈴ヶ岳,鈴ヶ岳,,,,石川県,北陸,,,,,,,,
口三方岳,口三方岳,,,,石川県,北陸,,,,,,,,
笈ヶ岳,笈ヶ岳,,,,石川県,北陸,,,,,,,,
別山,別山,,,,石川県,北陸,,,,,,,,
荒島岳,荒島岳,,,,福井県,北陸,,,,,,,,
法恩寺山(スキージャム勝山),法恩寺山(スキージャム勝山),,,,福井県,北陸,,,,,,,,
取立山,取立山,,,,福井県,北陸,,,,,,,,
浄法寺山,浄法寺山,,,,福井県,北陸,,,,,,,,
冠山,冠山,,,,福井県,北陸,,,,,,,,
日野山,日野山,,,,福井県,北陸,,,,,,,,
大佛寺山,大佛寺山,,,,福井県,北陸,,,,,,,,
権現山,権現山,,,,福井県,北陸,,,,,,,,
野坂岳,野坂岳,,,,福井県,北陸,,,,,,,,
赤兎山,赤兎山,,,,福井県,北陸,,,,,,,,
銀杏峰,銀杏峰,,,,福井県,北陸,,,,,,,,
能郷白山,能郷白山,,,,福井県,北陸,,,,,,,,
国見岳,国見岳,,,,福井県,北陸,,,,,,,,
火燈山,火燈山,,,,福井県,北陸,,,,,,,,
文殊山,文殊山,,,,福井県,北陸,,,,,,,,
部子山,部子山,,,,福井県,北陸,,,,,,,,
六呂師高原,六呂師高原,,,,福井県,北陸,,,,,,,,
三十三間山,三十三間山,,,,福井県,北陸,,,,,,,,
西方が岳,西方が岳,,,,福井県,北陸,,,,,,,,
筑波山,筑波山,,,,茨城県,関東・甲信,,,,,,,,
八溝山,八溝山,,,,茨城県,関東・甲信,,,,,,,,
奥久慈男体山,奥久慈男体山,,,,茨城県,関東・甲信,,,,,,,,
堅破山,堅破山,,,,茨城県,関東・甲信,,,,,,,,
宝篋山,宝篋山,,,,茨城県,関東・甲信,,,,,,,,
風神山,風神山,,,,茨城県,関東・甲信,,,,,,,,
加波山,加波山,,,,茨城県,関東・甲信,,,,,,,,
那須高原,那須高原,,,,栃木県,関東・甲信,,,,,,,,
茶臼岳(那須岳),茶臼岳(那須岳),,,,栃木県,関東・甲信,,,,,,,,
皇海山,皇海山,,,,栃木県,関東・甲信,,,,,,,,
男体山,男体山,,,,栃木県,関東・甲信,,,,,,,,
日光白根山,日光白根山,,,,栃木県,関東・甲信,,,,,,,,
太平山,太平山,,,,栃木県,関東・甲信,,,,,,,,
女峰山,女峰山,,,,栃木県,関東・甲信,,,,,,,,
釈迦ヶ岳,釈迦ヶ岳,,,,栃木県,関東・甲信,,,,,,,,
社山,社山,,,,栃木県,関東・甲信,,,,,,,,
三本槍岳,三本槍岳,,,,栃木県,関東・甲信,,,,,,,,
古賀志山,古賀志山,,,,栃木県,関東・甲信,,,,,,,,
朝日岳,朝日岳,,,,栃木県,関東・甲信,,,,,,,,
袈裟丸山,袈裟丸山,,,,栃木県,関東・甲信,,,,,,,,
庚申山,庚申山,,,,栃木県,関東・甲信,,,,,,,,
古峰ヶ原,古峰ヶ原,,,,栃木県,関東・甲信,,,,,,,,
石裂山,石裂山,,,,栃木県,関東・甲信,,,,,,,,
日留賀岳,日留賀岳,,,,栃木県,関東・甲信,,,,,,,,
鳴虫山,鳴虫山,,,,栃木県,関東・甲信,,,,,,,,
大小山,大小山,,,,栃木県,関東・甲信,,,,,,,,
三床山,三床山,,,,栃木県,関東・甲信,,,,,,,,
雨巻山,雨巻山,,,,栃木県,関東・甲信,,,,,,,,
備前楯山,備前楯山,,,,栃木県,関東・甲信,,,,,,,,
いろは坂,いろは坂,,,,栃木県,関東・甲信,,,,,,,,
高山,高山,,,,栃木県,関東・甲信,,,,,,,,
天狗山,天狗山,,,,栃木県,関東・甲信,,,,,,,,
二股山,二股山,,,,栃木県,関東・甲信,,,,,,,,
本山,本山,,,,栃木県,関東・甲信,,,,,,,,
太郎山,太郎山,,,,栃木県,関東・甲信,,,,,,,,
,,,,,栃木県,関東・甲信,,,,,,,,
妙義山,妙義山,,,,群馬県,関東・甲信,,,,,,,,
赤城山,赤城山,,,,群馬県,関東・甲信,,,,,,,,
尾瀬,尾瀬,,,,群馬県,関東・甲信,,,,,,,,
奥利根,奥利根,,,,群馬県,関東・甲信,,,,,,,,
水上,水上,,,,群馬県,関東・甲信,,,,,,,,
万座,万座,,,,群馬県,関東・甲信,,,,,,,,
榛名山,榛名山,,,,群馬県,関東・甲信,,,,,,,,
至仏山,至仏山,,,,群馬県,関東・甲信,,,,,,,,
谷川岳,谷川岳,,,,群馬県,関東・甲信,,,,,,,,
草津白根山,草津白根山,,,,群馬県,関東・甲信,,,,,,,,
四阿山,四阿山,,,,群馬県,関東・甲信,,,,,,,,
浅間隠山,浅間隠山,,,,群馬県,関東・甲信,,,,,,,,
武尊山,武尊山,,,,群馬県,関東・甲信,,,,,,,,
荒船山,荒船山,,,,群馬県,関東・甲信,,,,,,,,
平標山,平標山,,,,群馬県,関東・甲信,,,,,,,,
子持山,子持山,,,,群馬県,関東・甲信,,,,,,,,
岩櫃山,岩櫃山,,,,群馬県,関東・甲信,,,,,,,,
嵩山,嵩山,,,,群馬県,関東・甲信,,,,,,,,
白砂山,白砂山,,,,群馬県,関東・甲信,,,,,,,,
地蔵岳,地蔵岳,,,,群馬県,関東・甲信,,,,,,,,
根本山,根本山,,,,群馬県,関東・甲信,,,,,,,,
玉原高原,玉原高原,,,,群馬県,関東・甲信,,,,,,,,
水沢山（浅間山）,水沢山（浅間山）,,,,群馬県,関東・甲信,,,,,,,,
鼻曲山,鼻曲山,,,,群馬県,関東・甲信,,,,,,,,
笠丸山,笠丸山,,,,群馬県,関東・甲信,,,,,,,,
帳付山,帳付山,,,,群馬県,関東・甲信,,,,,,,,
小野子山,小野子山,,,,群馬県,関東・甲信,,,,,,,,
鹿俣山,鹿俣山,,,,群馬県,関東・甲信,,,,,,,,
長七郎山,長七郎山,,,,群馬県,関東・甲信,,,,,,,,
白雲山,白雲山,,,,群馬県,関東・甲信,,,,,,,,
相馬岳,相馬岳,,,,群馬県,関東・甲信,,,,,,,,
鍋割山,鍋割山,,,,群馬県,関東・甲信,,,,,,,,
鳴神山,鳴神山,,,,群馬県,関東・甲信,,,,,,,,
白毛門,白毛門,,,,群馬県,関東・甲信,,,,,,,,
鍬柄岳,鍬柄岳,,,,群馬県,関東・甲信,,,,,,,,
大源太山,大源太山,,,,群馬県,関東・甲信,,,,,,,,
御巣鷹山,御巣鷹山,,,,群馬県,関東・甲信,,,,,,,,
角落山,角落山,,,,群馬県,関東・甲信,,,,,,,,
八間山,八間山,,,,群馬県,関東・甲信,,,,,,,,
雨降山,雨降山,,,,群馬県,関東・甲信,,,,,,,,
三峰山,三峰山,,,,埼玉県,関東・甲信,,,,,,,,
両神山,両神山,,,,埼玉県,関東・甲信,,,,,,,,
武甲山,武甲山,,,,埼玉県,関東・甲信,,,,,,,,
堂平山,堂平山,,,,埼玉県,関東・甲信,,,,,,,,
十文字峠,十文字峠,,,,埼玉県,関東・甲信,,,,,,,,
日和田山,日和田山,,,,埼玉県,関東・甲信,,,,,,,,
棒の嶺,棒の嶺,,,,埼玉県,関東・甲信,,,,,,,,
伊豆ヶ岳,伊豆ヶ岳,,,,埼玉県,関東・甲信,,,,,,,,
武川岳,武川岳,,,,埼玉県,関東・甲信,,,,,,,,
秩父槍ヶ岳,秩父槍ヶ岳,,,,埼玉県,関東・甲信,,,,,,,,
蕨山,蕨山,,,,埼玉県,関東・甲信,,,,,,,,
多峯主山,多峯主山,,,,埼玉県,関東・甲信,,,,,,,,
丸山,丸山,,,,埼玉県,関東・甲信,,,,,,,,
大霧山,大霧山,,,,埼玉県,関東・甲信,,,,,,,,
熊倉山,熊倉山,,,,埼玉県,関東・甲信,,,,,,,,
破風山,破風山,,,,埼玉県,関東・甲信,,,,,,,,
御嶽山,御嶽山,,,,埼玉県,関東・甲信,,,,,,,,
蓑山,蓑山,,,,埼玉県,関東・甲信,,,,,,,,
白石山(和名倉山),白石山(和名倉山),,,,埼玉県,関東・甲信,,,,,,,,
大仁田山,大仁田山,,,,埼玉県,関東・甲信,,,,,,,,
二ノ峰（釜ノ沢五峰）,二ノ峰（釜ノ沢五峰）,,,,埼玉県,関東・甲信,,,,,,,,
龍崖山,龍崖山,,,,埼玉県,関東・甲信,,,,,,,,
二子山,二子山,,,,埼玉県,関東・甲信,,,,,,,,
官ノ倉山,官ノ倉山,,,,埼玉県,関東・甲信,,,,,,,,
宝登山,宝登山,,,,埼玉県,関東・甲信,,,,,,,,
四阿屋山,四阿屋山,,,,埼玉県,関東・甲信,,,,,,,,
二子山(横瀬町),二子山(横瀬町),,,,埼玉県,関東・甲信,,,,,,,,
物見山(東松山市),物見山(東松山市),,,,埼玉県,関東・甲信,,,,,,,,
関八州見晴台,関八州見晴台,,,,埼玉県,関東・甲信,,,,,,,,
子の権現,子の権現,,,,埼玉県,関東・甲信,,,,,,,,
顔振峠,顔振峠,,,,埼玉県,関東・甲信,,,,,,,,
鐘撞堂山,鐘撞堂山,,,,埼玉県,関東・甲信,,,,,,,,
仙元山,仙元山,,,,埼玉県,関東・甲信,,,,,,,,
物見山(毛呂山町),物見山(毛呂山町),,,,埼玉県,関東・甲信,,,,,,,,
南天山,南天山,,,,埼玉県,関東・甲信,,,,,,,,
霧藻ヶ峰,霧藻ヶ峰,,,,埼玉県,関東・甲信,,,,,,,,
鹿野山,鹿野山,,,,千葉県,関東・甲信,,,,,,,,
富山,富山,,,,千葉県,関東・甲信,,,,,,,,
鋸山,鋸山,,,,千葉県,関東・甲信,,,,,,,,
三郡山,三郡山,,,,千葉県,関東・甲信,,,,,,,,
御殿山,御殿山,,,,千葉県,関東・甲信,,,,,,,,
伊予ケ岳,伊予ケ岳,,,,千葉県,関東・甲信,,,,,,,,
高宕山,高宕山,,,,千葉県,関東・甲信,,,,,,,,
大日山,大日山,,,,千葉県,関東・甲信,,,,,,,,
高尾山,高尾山,,,,東京都,関東・甲信,,,,,,,,
御岳山,御岳山,,,,東京都,関東・甲信,,,,,,,,
雲取山,雲取山,,,,東京都,関東・甲信,,,,,,,,
三原山,三原山,,,,東京都,関東・甲信,,,,,,,,
棒ノ折山 ,棒ノ折山 ,,,,東京都,関東・甲信,,,,,,,,
陣場山,陣場山,,,,東京都,関東・甲信,,,,,,,,
三頭山,三頭山,,,,東京都,関東・甲信,,,,,,,,
鷹ノ巣山,鷹ノ巣山,,,,東京都,関東・甲信,,,,,,,,
御前山,御前山,,,,東京都,関東・甲信,,,,,,,,
川苔山（川乗山）,川苔山（川乗山）,,,,東京都,関東・甲信,,,,,,,,
大岳山,大岳山,,,,東京都,関東・甲信,,,,,,,,
日の出山,日の出山,,,,東京都,関東・甲信,,,,,,,,
本仁田山,本仁田山,,,,東京都,関東・甲信,,,,,,,,
岩茸石山,岩茸石山,,,,東京都,関東・甲信,,,,,,,,
六ツ石山,六ツ石山,,,,東京都,関東・甲信,,,,,,,,
天上山,天上山,,,,東京都,関東・甲信,,,,,,,,
浅間嶺,浅間嶺,,,,東京都,関東・甲信,,,,,,,,
景信山,景信山,,,,東京都,関東・甲信,,,,,,,,
臼杵山,臼杵山,,,,東京都,関東・甲信,,,,,,,,
市道山,市道山,,,,東京都,関東・甲信,,,,,,,,
戸倉城山,戸倉城山,,,,東京都,関東・甲信,,,,,,,,
酉谷山,酉谷山,,,,東京都,関東・甲信,,,,,,,,
雄山,雄山,,,,東京都,関東・甲信,,,,,,,,
高水山,高水山,,,,東京都,関東・甲信,,,,,,,,
惣岳山,惣岳山,,,,東京都,関東・甲信,,,,,,,,
丹沢,丹沢,,,,神奈川県,関東・甲信,,,,,,,,
星ヶ山,星ヶ山,,,,神奈川県,関東・甲信,,,,,,,,
陣馬山,陣馬山,,,,神奈川県,関東・甲信,,,,,,,,
大山,大山,,,,神奈川県,関東・甲信,,,,,,,,
金時山,金時山,,,,神奈川県,関東・甲信,,,,,,,,
箱根山,箱根山,,,,神奈川県,関東・甲信,,,,,,,,
不老山,不老山,,,,神奈川県,関東・甲信,,,,,,,,
大野山,大野山,,,,神奈川県,関東・甲信,,,,,,,,
権現山(山北町),権現山(山北町),,,,神奈川県,関東・甲信,,,,,,,,
屏風岩山,屏風岩山,,,,神奈川県,関東・甲信,,,,,,,,
塔ノ岳,塔ノ岳,,,,神奈川県,関東・甲信,,,,,,,,
蛭ヶ岳,蛭ヶ岳,,,,神奈川県,関東・甲信,,,,,,,,
檜洞丸,檜洞丸,,,,神奈川県,関東・甲信,,,,,,,,
鍋割山,鍋割山,,,,神奈川県,関東・甲信,,,,,,,,
明神ヶ岳,明神ヶ岳,,,,神奈川県,関東・甲信,,,,,,,,
畦ヶ丸山,畦ヶ丸山,,,,神奈川県,関東・甲信,,,,,,,,
菰釣山,菰釣山,,,,神奈川県,関東・甲信,,,,,,,,
加入道山,加入道山,,,,神奈川県,関東・甲信,,,,,,,,
幕山,幕山,,,,神奈川県,関東・甲信,,,,,,,,
丹沢山,丹沢山,,,,神奈川県,関東・甲信,,,,,,,,
鷹取山,鷹取山,,,,神奈川県,関東・甲信,,,,,,,,
石老山,石老山,,,,神奈川県,関東・甲信,,,,,,,,
大楠山,大楠山,,,,神奈川県,関東・甲信,,,,,,,,
矢倉岳,矢倉岳,,,,神奈川県,関東・甲信,,,,,,,,
仏果山,仏果山,,,,神奈川県,関東・甲信,,,,,,,,
弘法山,弘法山,,,,神奈川県,関東・甲信,,,,,,,,
駒ヶ岳,駒ヶ岳,,,,神奈川県,関東・甲信,,,,,,,,
円海山,円海山,,,,神奈川県,関東・甲信,,,,,,,,
鐘ヶ嶽,鐘ヶ嶽,,,,神奈川県,関東・甲信,,,,,,,,
ヤビツ峠,ヤビツ峠,,,,神奈川県,関東・甲信,,,,,,,,
犬越路,犬越路,,,,神奈川県,関東・甲信,,,,,,,,
白石峠,白石峠,,,,神奈川県,関東・甲信,,,,,,,,
日向山,日向山,,,,神奈川県,関東・甲信,,,,,,,,
檜岳,檜岳,,,,神奈川県,関東・甲信,,,,,,,,
鷹巣山,鷹巣山,,,,神奈川県,関東・甲信,,,,,,,,
袖平山,袖平山,,,,神奈川県,関東・甲信,,,,,,,,
鐘撞山,鐘撞山,,,,神奈川県,関東・甲信,,,,,,,,
湖尻峠,湖尻峠,,,,神奈川県,関東・甲信,,,,,,,,
箱根峠,箱根峠,,,,神奈川県,関東・甲信,,,,,,,,
大涌谷,大涌谷,,,,神奈川県,関東・甲信,,,,,,,,
早雲山,早雲山,,,,神奈川県,関東・甲信,,,,,,,,
神山,神山,,,,神奈川県,関東・甲信,,,,,,,,
峰山,峰山,,,,神奈川県,関東・甲信,,,,,,,,
シダンゴ山,シダンゴ山,,,,神奈川県,関東・甲信,,,,,,,,
武山,武山,,,,神奈川県,関東・甲信,,,,,,,,
富士山北麓5合目,富士山北麓5合目,,,,山梨県,関東・甲信,,,,,,,,
身延山,身延山,,,,山梨県,関東・甲信,,,,,,,,
清里,清里,,,,山梨県,関東・甲信,,,,,,,,
富士山山頂,富士山山頂,,,,山梨県,関東・甲信,,,,,,,,
夜叉神峠,夜叉神峠,,,,山梨県,関東・甲信,,,,,,,,
甲斐駒ヶ岳,甲斐駒ヶ岳,,,,山梨県,関東・甲信,,,,,,,,
鳳凰山,鳳凰山,,,,山梨県,関東・甲信,,,,,,,,
北岳,北岳,,,,山梨県,関東・甲信,,,,,,,,
間ノ岳,間ノ岳,,,,山梨県,関東・甲信,,,,,,,,
大菩薩嶺,大菩薩嶺,,,,山梨県,関東・甲信,,,,,,,,
瑞牆山,瑞牆山,,,,山梨県,関東・甲信,,,,,,,,
金峰山,金峰山,,,,山梨県,関東・甲信,,,,,,,,
甲武信ヶ岳,甲武信ヶ岳,,,,山梨県,関東・甲信,,,,,,,,
湯村山,湯村山,,,,山梨県,関東・甲信,,,,,,,,
滝子山,滝子山,,,,山梨県,関東・甲信,,,,,,,,
三ッ峠山,三ッ峠山,,,,山梨県,関東・甲信,,,,,,,,
櫛形山,櫛形山,,,,山梨県,関東・甲信,,,,,,,,
七面山,七面山,,,,山梨県,関東・甲信,,,,,,,,
毛無山,毛無山,,,,山梨県,関東・甲信,,,,,,,,
日向山,日向山,,,,山梨県,関東・甲信,,,,,,,,
茅ヶ岳,茅ヶ岳,,,,山梨県,関東・甲信,,,,,,,,
十二ヶ岳,十二ヶ岳,,,,山梨県,関東・甲信,,,,,,,,
杓子山,杓子山,,,,山梨県,関東・甲信,,,,,,,,
御正体山,御正体山,,,,山梨県,関東・甲信,,,,,,,,
足和田山,足和田山,,,,山梨県,関東・甲信,,,,,,,,
乾徳山,乾徳山,,,,山梨県,関東・甲信,,,,,,,,
竜ヶ岳,竜ヶ岳,,,,山梨県,関東・甲信,,,,,,,,
本社ケ丸,本社ケ丸,,,,山梨県,関東・甲信,,,,,,,,
三国山,三国山,,,,山梨県,関東・甲信,,,,,,,,
石割山,石割山,,,,山梨県,関東・甲信,,,,,,,,
飛竜山,飛竜山,,,,山梨県,関東・甲信,,,,,,,,
鬼ヶ岳,鬼ヶ岳,,,,山梨県,関東・甲信,,,,,,,,
笠取山,笠取山,,,,山梨県,関東・甲信,,,,,,,,
扇山(甲州市),扇山(甲州市),,,,山梨県,関東・甲信,,,,,,,,
大室山,大室山,,,,山梨県,関東・甲信,,,,,,,,
雁坂嶺,雁坂嶺,,,,山梨県,関東・甲信,,,,,,,,
権現岳,権現岳,,,,山梨県,関東・甲信,,,,,,,,
長者ヶ岳,長者ヶ岳,,,,山梨県,関東・甲信,,,,,,,,
横尾山,横尾山,,,,山梨県,関東・甲信,,,,,,,,
小楢山,小楢山,,,,山梨県,関東・甲信,,,,,,,,
妙見山,妙見山,,,,山梨県,関東・甲信,,,,,,,,
甘利山,甘利山,,,,山梨県,関東・甲信,,,,,,,,
八紘嶺,八紘嶺,,,,山梨県,関東・甲信,,,,,,,,
笊ヶ岳,笊ヶ岳,,,,山梨県,関東・甲信,,,,,,,,
農鳥岳,農鳥岳,,,,山梨県,関東・甲信,,,,,,,,
笹山,笹山,,,,山梨県,関東・甲信,,,,,,,,
大洞山(飛龍山),大洞山(飛龍山),,,,山梨県,関東・甲信,,,,,,,,
鋸岳,鋸岳,,,,山梨県,関東・甲信,,,,,,,,
アサヨ峰,アサヨ峰,,,,山梨県,関東・甲信,,,,,,,,
小太郎山,小太郎山,,,,山梨県,関東・甲信,,,,,,,,
七ツ石山,七ツ石山,,,,山梨県,関東・甲信,,,,,,,,
鶏冠山,鶏冠山,,,,山梨県,関東・甲信,,,,,,,,
笹子雁ヶ腹摺山,笹子雁ヶ腹摺山,,,,山梨県,関東・甲信,,,,,,,,
黒岳,黒岳,,,,山梨県,関東・甲信,,,,,,,,
釈迦ヶ岳,釈迦ヶ岳,,,,山梨県,関東・甲信,,,,,,,,
三方分山,三方分山,,,,山梨県,関東・甲信,,,,,,,,
雁ヶ腹摺山,雁ヶ腹摺山,,,,山梨県,関東・甲信,,,,,,,,
岩殿山,岩殿山,,,,山梨県,関東・甲信,,,,,,,,
籠坂峠,籠坂峠,,,,山梨県,関東・甲信,,,,,,,,
パノラマ台,パノラマ台,,,,山梨県,関東・甲信,,,,,,,,
九鬼山,九鬼山,,,,山梨県,関東・甲信,,,,,,,,
高柄山,高柄山,,,,山梨県,関東・甲信,,,,,,,,
扇山,扇山,,,,山梨県,関東・甲信,,,,,,,,
倉見山,倉見山,,,,山梨県,関東・甲信,,,,,,,,
雨乞岳,雨乞岳,,,,山梨県,関東・甲信,,,,,,,,
高畑山,高畑山,,,,山梨県,関東・甲信,,,,,,,,
倉岳山,倉岳山,,,,山梨県,関東・甲信,,,,,,,,
源氏山,源氏山,,,,山梨県,関東・甲信,,,,,,,,
高谷山,高谷山,,,,山梨県,関東・甲信,,,,,,,,
今倉山,今倉山,,,,山梨県,関東・甲信,,,,,,,,
薬師ヶ岳,薬師ヶ岳,,,,山梨県,関東・甲信,,,,,,,,
朝日岳,朝日岳,,,,山梨県,関東・甲信,,,,,,,,
富士スバルライン(5合目),富士スバルライン(5合目),,,,山梨県,関東・甲信,,,,,,,,
荒倉山,荒倉山,,,,山梨県,関東・甲信,,,,,,,,
甲府幕岩,甲府幕岩,,,,山梨県,関東・甲信,,,,,,,,
甲州高尾山,甲州高尾山,,,,山梨県,関東・甲信,,,,,,,,
馬立山,馬立山,,,,山梨県,関東・甲信,,,,,,,,
御前山,御前山,,,,山梨県,関東・甲信,,,,,,,,
坪山,坪山,,,,山梨県,関東・甲信,,,,,,,,
北奥千丈岳,北奥千丈岳,,,,山梨県,関東・甲信,,,,,,,,
白馬,白馬,,,,長野県,関東・甲信,,,,,,,,
小谷,小谷,,,,長野県,関東・甲信,,,,,,,,
志賀高原,志賀高原,,,,長野県,関東・甲信,,,,,,,,
戸隠高原,戸隠高原,,,,長野県,関東・甲信,,,,,,,,
菅平高原,菅平高原,,,,長野県,関東・甲信,,,,,,,,
上高地,上高地,,,,長野県,関東・甲信,,,,,,,,
乗鞍高原,乗鞍高原,,,,長野県,関東・甲信,,,,,,,,
美ヶ原,美ヶ原,,,,長野県,関東・甲信,,,,,,,,
霧ケ峰,霧ケ峰,,,,長野県,関東・甲信,,,,,,,,
白樺湖,白樺湖,,,,長野県,関東・甲信,,,,,,,,
蓼科,蓼科,,,,長野県,関東・甲信,,,,,,,,
野辺山,野辺山,,,,長野県,関東・甲信,,,,,,,,
御岳高原,御岳高原,,,,長野県,関東・甲信,,,,,,,,
開田高原,開田高原,,,,長野県,関東・甲信,,,,,,,,
駒ヶ根高原,駒ヶ根高原,,,,長野県,関東・甲信,,,,,,,,
高遠,高遠,,,,長野県,関東・甲信,,,,,,,,
しらびそ高原,しらびそ高原,,,,長野県,関東・甲信,,,,,,,,
八ヶ岳,八ヶ岳,,,,長野県,関東・甲信,,,,,,,,
白馬岳,白馬岳,,,,長野県,関東・甲信,,,,,,,,
木曽駒ヶ岳,木曽駒ヶ岳,,,,長野県,関東・甲信,,,,,,,,
岩戸山,岩戸山,,,,長野県,関東・甲信,,,,,,,,
槍ヶ岳,槍ヶ岳,,,,長野県,関東・甲信,,,,,,,,
御嶽山,御嶽山,,,,長野県,関東・甲信,,,,,,,,
高妻山,高妻山,,,,長野県,関東・甲信,,,,,,,,
浅間山,浅間山,,,,長野県,関東・甲信,,,,,,,,
五龍岳,五龍岳,,,,長野県,関東・甲信,,,,,,,,
鹿島槍ヶ岳,鹿島槍ヶ岳,,,,長野県,関東・甲信,,,,,,,,
鷲羽岳,鷲羽岳,,,,長野県,関東・甲信,,,,,,,,
奥穂高岳,奥穂高岳,,,,長野県,関東・甲信,,,,,,,,
北穂高岳,北穂高岳,,,,長野県,関東・甲信,,,,,,,,
前穂高岳,前穂高岳,,,,長野県,関東・甲信,,,,,,,,
常念岳,常念岳,,,,長野県,関東・甲信,,,,,,,,
焼岳,焼岳,,,,長野県,関東・甲信,,,,,,,,
蓼科山,蓼科山,,,,長野県,関東・甲信,,,,,,,,
空木岳,空木岳,,,,長野県,関東・甲信,,,,,,,,
安平路山,安平路山,,,,長野県,関東・甲信,,,,,,,,
仙丈ヶ岳,仙丈ヶ岳,,,,長野県,関東・甲信,,,,,,,,
燕岳,燕岳,,,,長野県,関東・甲信,,,,,,,,
戸隠山,戸隠山,,,,長野県,関東・甲信,,,,,,,,
飯綱山,飯綱山,,,,長野県,関東・甲信,,,,,,,,
黒姫山,黒姫山,,,,長野県,関東・甲信,,,,,,,,
雨飾山,雨飾山,,,,長野県,関東・甲信,,,,,,,,
蝶ヶ岳,蝶ヶ岳,,,,長野県,関東・甲信,,,,,,,,
床浪高原,床浪高原,,,,長野県,関東・甲信,,,,,,,,
北沢峠,北沢峠,,,,長野県,関東・甲信,,,,,,,,
涸沢カール,涸沢カール,,,,長野県,関東・甲信,,,,,,,,
宝剣岳,宝剣岳,,,,長野県,関東・甲信,,,,,,,,
唐松岳,唐松岳,,,,長野県,関東・甲信,,,,,,,,
野口五郎岳,野口五郎岳,,,,長野県,関東・甲信,,,,,,,,
入笠山,入笠山,,,,長野県,関東・甲信,,,,,,,,
天狗岳,天狗岳,,,,長野県,関東・甲信,,,,,,,,
鳥甲山,鳥甲山,,,,長野県,関東・甲信,,,,,,,,
高社山,高社山,,,,長野県,関東・甲信,,,,,,,,
編笠山,編笠山,,,,長野県,関東・甲信,,,,,,,,
大川入山,大川入山,,,,長野県,関東・甲信,,,,,,,,
南木曽岳,南木曽岳,,,,長野県,関東・甲信,,,,,,,,
根子岳,根子岳,,,,長野県,関東・甲信,,,,,,,,
御座山,御座山,,,,長野県,関東・甲信,,,,,,,,
太郎山,太郎山,,,,長野県,関東・甲信,,,,,,,,
北横岳,北横岳,,,,長野県,関東・甲信,,,,,,,,
小秀山,小秀山,,,,長野県,関東・甲信,,,,,,,,
赤岳,赤岳,,,,長野県,関東・甲信,,,,,,,,
斑尾山,斑尾山,,,,長野県,関東・甲信,,,,,,,,
毛無山,毛無山,,,,長野県,関東・甲信,,,,,,,,
念丈岳,念丈岳,,,,長野県,関東・甲信,,,,,,,,
小川山,小川山,,,,長野県,関東・甲信,,,,,,,,
檜尾岳,檜尾岳,,,,長野県,関東・甲信,,,,,,,,
国師ヶ岳 ,国師ヶ岳 ,,,,長野県,関東・甲信,,,,,,,,
大天井岳,大天井岳,,,,長野県,関東・甲信,,,,,,,,
阿弥陀岳,阿弥陀岳,,,,長野県,関東・甲信,,,,,,,,
縞枯山,縞枯山,,,,長野県,関東・甲信,,,,,,,,
小遠見山,小遠見山,,,,長野県,関東・甲信,,,,,,,,
富士見台高原,富士見台高原,,,,長野県,関東・甲信,,,,,,,,
湯ノ丸山,湯ノ丸山,,,,長野県,関東・甲信,,,,,,,,
硫黄岳,硫黄岳,,,,長野県,関東・甲信,,,,,,,,
黒斑山,黒斑山,,,,長野県,関東・甲信,,,,,,,,
ニュウ,ニュウ,,,,長野県,関東・甲信,,,,,,,,
霞沢岳,霞沢岳,,,,長野県,関東・甲信,,,,,,,,
鍋倉山,鍋倉山,,,,長野県,関東・甲信,,,,,,,,
守屋山,守屋山,,,,長野県,関東・甲信,,,,,,,,
乗鞍岳(白馬),乗鞍岳(白馬),,,,長野県,関東・甲信,,,,,,,,
八方尾根,八方尾根,,,,長野県,関東・甲信,,,,,,,,
虫倉山,虫倉山,,,,長野県,関東・甲信,,,,,,,,
横手山,横手山,,,,長野県,関東・甲信,,,,,,,,
餓鬼岳,餓鬼岳,,,,長野県,関東・甲信,,,,,,,,
岳沢,岳沢,,,,長野県,関東・甲信,,,,,,,,
爺ヶ岳,爺ヶ岳,,,,長野県,関東・甲信,,,,,,,,
蓮華岳,蓮華岳,,,,長野県,関東・甲信,,,,,,,,
鳴沢岳,鳴沢岳,,,,長野県,関東・甲信,,,,,,,,
烏帽子岳,烏帽子岳,,,,長野県,関東・甲信,,,,,,,,
有明山,有明山,,,,長野県,関東・甲信,,,,,,,,
三ノ沢岳,三ノ沢岳,,,,長野県,関東・甲信,,,,,,,,
針ノ木岳,針ノ木岳,,,,長野県,関東・甲信,,,,,,,,
七倉岳,七倉岳,,,,長野県,関東・甲信,,,,,,,,
経ヶ岳,経ヶ岳,,,,長野県,関東・甲信,,,,,,,,
横尾山荘,横尾山荘,,,,長野県,関東・甲信,,,,,,,,
徳本峠,徳本峠,,,,長野県,関東・甲信,,,,,,,,
陣馬形山,陣馬形山,,,,長野県,関東・甲信,,,,,,,,
風越山(飯田),風越山(飯田),,,,長野県,関東・甲信,,,,,,,,
霧訪山,霧訪山,,,,長野県,関東・甲信,,,,,,,,
五里ヶ峯,五里ヶ峯,,,,長野県,関東・甲信,,,,,,,,
高ボッチ山,高ボッチ山,,,,長野県,関東・甲信,,,,,,,,
越百山,越百山,,,,長野県,関東・甲信,,,,,,,,
飯盛山,飯盛山,,,,長野県,関東・甲信,,,,,,,,
栂池高原,栂池高原,,,,長野県,関東・甲信,,,,,,,,
根石岳,根石岳,,,,長野県,関東・甲信,,,,,,,,
横岳(八ヶ岳),横岳(八ヶ岳),,,,長野県,関東・甲信,,,,,,,,
麦草峠,麦草峠,,,,長野県,関東・甲信,,,,,,,,
天狗山,天狗山,,,,長野県,関東・甲信,,,,,,,,
東篭ノ登山,東篭ノ登山,,,,長野県,関東・甲信,,,,,,,,
杓子岳,杓子岳,,,,長野県,関東・甲信,,,,,,,,
白馬鑓ヶ岳,白馬鑓ヶ岳,,,,長野県,関東・甲信,,,,,,,,
硫黄岳(八ヶ岳),硫黄岳(八ヶ岳),,,,長野県,関東・甲信,,,,,,,,
池の平湿原,池の平湿原,,,,長野県,関東・甲信,,,,,,,,
峰の原高原,峰の原高原,,,,長野県,関東・甲信,,,,,,,,
車山高原,車山高原,,,,長野県,関東・甲信,,,,,,,,
西岳,西岳,,,,長野県,関東・甲信,,,,,,,,
三笠山,三笠山,,,,長野県,関東・甲信,,,,,,,,
涸沢岳,涸沢岳,,,,長野県,関東・甲信,,,,,,,,
冠着山,冠着山,,,,長野県,関東・甲信,,,,,,,,
岩菅山,岩菅山,,,,長野県,関東・甲信,,,,,,,,
志賀山,志賀山,,,,長野県,関東・甲信,,,,,,,,
傘山(松本),傘山(松本),,,,長野県,関東・甲信,,,,,,,,
傘山（飯島）,傘山（飯島）,,,,長野県,関東・甲信,,,,,,,,
白沢天狗山,白沢天狗山,,,,長野県,関東・甲信,,,,,,,,
独鈷山,独鈷山,,,,長野県,関東・甲信,,,,,,,,
大渚山,大渚山,,,,長野県,関東・甲信,,,,,,,,
茂来山,茂来山,,,,長野県,関東・甲信,,,,,,,,
戸谷峰,戸谷峰,,,,長野県,関東・甲信,,,,,,,,
鍬ノ峰,鍬ノ峰,,,,長野県,関東・甲信,,,,,,,,
奥茶臼山,奥茶臼山,,,,長野県,関東・甲信,,,,,,,,
伊那前岳,伊那前岳,,,,長野県,関東・甲信,,,,,,,,
白鳥,白鳥,,,,岐阜県,東海,,,,,,,,
高鷲,高鷲,,,,岐阜県,東海,,,,,,,,
ひるがの高原,ひるがの高原,,,,岐阜県,東海,,,,,,,,
数河高原,数河高原,,,,岐阜県,東海,,,,,,,,
鈴蘭高原,鈴蘭高原,,,,岐阜県,東海,,,,,,,,
養老,養老,,,,岐阜県,東海,,,,,,,,
揖斐高原,揖斐高原,,,,岐阜県,東海,,,,,,,,
伊吹山ドライブウェイ入り口,伊吹山ドライブウェイ入り口,,,,岐阜県,東海,,,,,,,,
乗鞍岳畳平,乗鞍岳畳平,,,,岐阜県,東海,,,,,,,,
乗鞍岳,乗鞍岳,,,,岐阜県,東海,,,,,,,,
恵那山,恵那山,,,,岐阜県,東海,,,,,,,,
笠ヶ岳,笠ヶ岳,,,,岐阜県,東海,,,,,,,,
西穂高岳,西穂高岳,,,,岐阜県,東海,,,,,,,,
金華山,金華山,,,,岐阜県,東海,,,,,,,,
三ノ峰,三ノ峰,,,,岐阜県,東海,,,,,,,,
双六岳,双六岳,,,,岐阜県,東海,,,,,,,,
大日ケ岳,大日ケ岳,,,,岐阜県,東海,,,,,,,,
蕪山,蕪山,,,,岐阜県,東海,,,,,,,,
籾糠山,籾糠山,,,,岐阜県,東海,,,,,,,,
二ツ森山,二ツ森山,,,,岐阜県,東海,,,,,,,,
福地山,福地山,,,,岐阜県,東海,,,,,,,,
寺地山,寺地山,,,,岐阜県,東海,,,,,,,,
北ノ俣岳,北ノ俣岳,,,,岐阜県,東海,,,,,,,,
稚児山,稚児山,,,,岐阜県,東海,,,,,,,,
人形山,人形山,,,,岐阜県,東海,,,,,,,,
位山,位山,,,,岐阜県,東海,,,,,,,,
下呂御前山,下呂御前山,,,,岐阜県,東海,,,,,,,,
納古山,納古山,,,,岐阜県,東海,,,,,,,,
天蓋山,天蓋山,,,,岐阜県,東海,,,,,,,,
池田山,池田山,,,,岐阜県,東海,,,,,,,,
養老山,養老山,,,,岐阜県,東海,,,,,,,,
舟伏山(本巣市),舟伏山(本巣市),,,,岐阜県,東海,,,,,,,,
白草山,白草山,,,,岐阜県,東海,,,,,,,,
天生湿原,天生湿原,,,,岐阜県,東海,,,,,,,,
弓折岳,弓折岳,,,,岐阜県,東海,,,,,,,,
鏡平,鏡平,,,,岐阜県,東海,,,,,,,,
アカンダナ山,アカンダナ山,,,,岐阜県,東海,,,,,,,,
継子岳,継子岳,,,,岐阜県,東海,,,,,,,,
三周ヶ岳,三周ヶ岳,,,,岐阜県,東海,,,,,,,,
富士山富士宮口５合目,富士山富士宮口５合目,,,,静岡県,東海,,,,,,,,
日本平,日本平,,,,静岡県,東海,,,,,,,,
富士山山頂,富士山山頂,,,,静岡県,東海,,,,,,,,
朝霧高原,朝霧高原,,,,静岡県,東海,,,,,,,,
聖岳,聖岳,,,,静岡県,東海,,,,,,,,
赤石岳,赤石岳,,,,静岡県,東海,,,,,,,,
万三郎岳,万三郎岳,,,,静岡県,東海,,,,,,,,
塩見岳,塩見岳,,,,静岡県,東海,,,,,,,,
東岳(悪沢岳),東岳(悪沢岳),,,,静岡県,東海,,,,,,,,
光岳,光岳,,,,静岡県,東海,,,,,,,,
湖西連峰,湖西連峰,,,,静岡県,東海,,,,,,,,
粟ヶ岳,粟ヶ岳,,,,静岡県,東海,,,,,,,,
富士山御殿場口５合目,富士山御殿場口５合目,,,,静岡県,東海,,,,,,,,
愛鷹山,愛鷹山,,,,静岡県,東海,,,,,,,,
達磨山,達磨山,,,,静岡県,東海,,,,,,,,
香貫山,香貫山,,,,静岡県,東海,,,,,,,,
天城山,天城山,,,,静岡県,東海,,,,,,,,
富士山須走口５合目,富士山須走口５合目,,,,静岡県,東海,,,,,,,,
毛無山,毛無山,,,,静岡県,東海,,,,,,,,
観音山,観音山,,,,静岡県,東海,,,,,,,,
明神峠,明神峠,,,,静岡県,東海,,,,,,,,
大洞山（角取山）,大洞山（角取山）,,,,静岡県,東海,,,,,,,,
岩岳山,岩岳山,,,,静岡県,東海,,,,,,,,
入手山,入手山,,,,静岡県,東海,,,,,,,,
竜馬ケ岳,竜馬ケ岳,,,,静岡県,東海,,,,,,,,
ボンジ山,ボンジ山,,,,静岡県,東海,,,,,,,,
大礼山,大礼山,,,,静岡県,東海,,,,,,,,
朝日岳,朝日岳,,,,静岡県,東海,,,,,,,,
前黒法師岳,前黒法師岳,,,,静岡県,東海,,,,,,,,
沢口山,沢口山,,,,静岡県,東海,,,,,,,,
板取山,板取山,,,,静岡県,東海,,,,,,,,
高塚山,高塚山,,,,静岡県,東海,,,,,,,,
山犬段,山犬段,,,,静岡県,東海,,,,,,,,
黒法師岳,黒法師岳,,,,静岡県,東海,,,,,,,,
麻布山,麻布山,,,,静岡県,東海,,,,,,,,
蕎麦粒山,蕎麦粒山,,,,静岡県,東海,,,,,,,,
賤機山,賤機山,,,,静岡県,東海,,,,,,,,
竜爪山,竜爪山,,,,静岡県,東海,,,,,,,,
久能山,久能山,,,,静岡県,東海,,,,,,,,
越前岳,越前岳,,,,静岡県,東海,,,,,,,,
山伏,山伏,,,,静岡県,東海,,,,,,,,
十国峠,十国峠,,,,静岡県,東海,,,,,,,,
鷲頭山,鷲頭山,,,,静岡県,東海,,,,,,,,
大平山,大平山,,,,静岡県,東海,,,,,,,,
葛城山,葛城山,,,,静岡県,東海,,,,,,,,
秋葉山,秋葉山,,,,静岡県,東海,,,,,,,,
奈良代山,奈良代山,,,,静岡県,東海,,,,,,,,
門桁山,門桁山,,,,静岡県,東海,,,,,,,,
五丁坂頭山,五丁坂頭山,,,,静岡県,東海,,,,,,,,
ゼンモン山,ゼンモン山,,,,静岡県,東海,,,,,,,,
中根山,中根山,,,,静岡県,東海,,,,,,,,
天子ケ岳,天子ケ岳,,,,静岡県,東海,,,,,,,,
足柄峠,足柄峠,,,,静岡県,東海,,,,,,,,
京丸山,京丸山,,,,静岡県,東海,,,,,,,,
御殿山,御殿山,,,,静岡県,東海,,,,,,,,
小笠山,小笠山,,,,静岡県,東海,,,,,,,,
神尾山,神尾山,,,,静岡県,東海,,,,,,,,
経塚山,経塚山,,,,静岡県,東海,,,,,,,,
大室山,大室山,,,,静岡県,東海,,,,,,,,
小室山,小室山,,,,静岡県,東海,,,,,,,,
亀石峠,亀石峠,,,,静岡県,東海,,,,,,,,
青崩峠,青崩峠,,,,静岡県,東海,,,,,,,,
山住峠,山住峠,,,,静岡県,東海,,,,,,,,
竜頭山,竜頭山,,,,静岡県,東海,,,,,,,,
常光寺山,常光寺山,,,,静岡県,東海,,,,,,,,
大無間山,大無間山,,,,静岡県,東海,,,,,,,,
高通山,高通山,,,,静岡県,東海,,,,,,,,
末広山,末広山,,,,静岡県,東海,,,,,,,,
丸盆岳,丸盆岳,,,,静岡県,東海,,,,,,,,
兵越峠,兵越峠,,,,静岡県,東海,,,,,,,,
宝永山,宝永山,,,,静岡県,東海,,,,,,,,
仁科峠,仁科峠,,,,静岡県,東海,,,,,,,,
戸田峠,戸田峠,,,,静岡県,東海,,,,,,,,
茶臼岳,茶臼岳,,,,静岡県,東海,,,,,,,,
鳳来寺山,鳳来寺山,,,,愛知県,東海,,,,,,,,
茶臼山高原,茶臼山高原,,,,愛知県,東海,,,,,,,,
香嵐渓,香嵐渓,,,,愛知県,東海,,,,,,,,
赤塚山,赤塚山,,,,愛知県,東海,,,,,,,,
岩屋山,岩屋山,,,,愛知県,東海,,,,,,,,
石巻山,石巻山,,,,愛知県,東海,,,,,,,,
赤岩山,赤岩山,,,,愛知県,東海,,,,,,,,
旭高原,旭高原,,,,愛知県,東海,,,,,,,,
蔵王山,蔵王山,,,,愛知県,東海,,,,,,,,
宮路山,宮路山,,,,愛知県,東海,,,,,,,,
猿投山,猿投山,,,,愛知県,東海,,,,,,,,
本宮山,本宮山,,,,愛知県,東海,,,,,,,,
明神山,明神山,,,,愛知県,東海,,,,,,,,
明神山（三ツ瀬）,明神山（三ツ瀬）,,,,愛知県,東海,,,,,,,,
寧比曽岳,寧比曽岳,,,,愛知県,東海,,,,,,,,
岩巣山,岩巣山,,,,愛知県,東海,,,,,,,,
鷹ノ巣山（段戸山）,鷹ノ巣山（段戸山）,,,,愛知県,東海,,,,,,,,
御在所岳,御在所岳,,,, 三重県,東海,,,,,,,,
藤原岳,藤原岳,,,, 三重県,東海,,,,,,,,
釈迦ヶ岳,釈迦ヶ岳,,,, 三重県,東海,,,,,,,,
入道ヶ岳,入道ヶ岳,,,, 三重県,東海,,,,,,,,
竜ヶ岳,竜ヶ岳,,,, 三重県,東海,,,,,,,,
多度山,多度山,,,, 三重県,東海,,,,,,,,
鎌ヶ岳,鎌ヶ岳,,,, 三重県,東海,,,,,,,,
朝熊ヶ岳,朝熊ヶ岳,,,, 三重県,東海,,,,,,,,
迷岳,迷岳,,,, 三重県,東海,,,,,,,,
赤目の峡谷,赤目の峡谷,,,, 三重県,東海,,,,,,,,
錫杖ヶ岳,錫杖ヶ岳,,,, 三重県,東海,,,,,,,,
堀坂山,堀坂山,,,, 三重県,東海,,,,,,,,
雲母峰,雲母峰,,,, 三重県,東海,,,,,,,,
宮指路岳,宮指路岳,,,, 三重県,東海,,,,,,,,
経ヶ峰,経ヶ峰,,,, 三重県,東海,,,,,,,,
天狗倉山,天狗倉山,,,, 三重県,東海,,,,,,,,
髻山,髻山,,,, 三重県,東海,,,,,,,,
伊吹山,伊吹山,,,,滋賀県,近畿,,,,,,,,
信楽,信楽,,,,滋賀県,近畿,,,,,,,,
蓬莱山,蓬莱山,,,,滋賀県,近畿,,,,,,,,
武奈ヶ岳(比良山),武奈ヶ岳(比良山),,,,滋賀県,近畿,,,,,,,,
マキノ高原,マキノ高原,,,,滋賀県,近畿,,,,,,,,
賤ヶ岳,賤ヶ岳,,,,滋賀県,近畿,,,,,,,,
金勝山(竜王山),金勝山(竜王山),,,,滋賀県,近畿,,,,,,,,
三上山,三上山,,,,滋賀県,近畿,,,,,,,,
雨乞岳,雨乞岳,,,,滋賀県,近畿,,,,,,,,
霊仙山,霊仙山,,,,滋賀県,近畿,,,,,,,,
御池岳,御池岳,,,,滋賀県,近畿,,,,,,,,
八ツ尾山,八ツ尾山,,,,滋賀県,近畿,,,,,,,,
蛇谷ケ峰,蛇谷ケ峰,,,,滋賀県,近畿,,,,,,,,
赤坂山,赤坂山,,,,滋賀県,近畿,,,,,,,,
綿向山,綿向山,,,,滋賀県,近畿,,,,,,,,
びわ湖バレイ,びわ湖バレイ,,,,滋賀県,近畿,,,,,,,,
仙ケ岳,仙ケ岳,,,,滋賀県,近畿,,,,,,,,
金糞岳,金糞岳,,,,滋賀県,近畿,,,,,,,,
嵐山,嵐山,,,,京都府,近畿,,,,,,,,
比叡山,比叡山,,,,京都府,近畿,,,,,,,,
大文字山,大文字山,,,,京都府,近畿,,,,,,,,
愛宕山,愛宕山,,,,京都府,近畿,,,,,,,,
大江山,大江山,,,,京都府,近畿,,,,,,,,
天王山,天王山,,,,京都府,近畿,,,,,,,,
音羽山,音羽山,,,,京都府,近畿,,,,,,,,
皆子山,皆子山,,,,京都府,近畿,,,,,,,,
高竜寺ガ岳,高竜寺ガ岳,,,,京都府,近畿,,,,,,,,
天ヶ岳,天ヶ岳,,,,京都府,近畿,,,,,,,,
長老ヶ岳,長老ヶ岳,,,,京都府,近畿,,,,,,,,
金剛山,金剛山,,,,大阪府,近畿,,,,,,,,
生駒山,生駒山,,,,大阪府,近畿,,,,,,,,
箕面,箕面,,,,大阪府,近畿,,,,,,,,
ポンポン山,ポンポン山,,,,大阪府,近畿,,,,,,,,
岩湧山,岩湧山,,,,大阪府,近畿,,,,,,,,
竜王山,竜王山,,,,大阪府,近畿,,,,,,,,
爼石山,爼石山,,,,大阪府,近畿,,,,,,,,
和泉葛城山,和泉葛城山,,,,大阪府,近畿,,,,,,,,
剣尾山,剣尾山,,,,大阪府,近畿,,,,,,,,
高森山,高森山,,,,大阪府,近畿,,,,,,,,
能勢妙見山,能勢妙見山,,,,大阪府,近畿,,,,,,,,
槇尾山,槇尾山,,,,大阪府,近畿,,,,,,,,
天保山,天保山,,,,大阪府,近畿,,,,,,,,
六甲山,六甲山,,,,兵庫県,近畿,,,,,,,,
神鍋高原,神鍋高原,,,,兵庫県,近畿,,,,,,,,
ハチ高原,ハチ高原,,,,兵庫県,近畿,,,,,,,,
氷ノ山,氷ノ山,,,,兵庫県,近畿,,,,,,,,
鉢伏山(神戸市),鉢伏山(神戸市),,,,兵庫県,近畿,,,,,,,,
笠形山,笠形山,,,,兵庫県,近畿,,,,,,,,
千ヶ峰,千ヶ峰,,,,兵庫県,近畿,,,,,,,,
旗振山,旗振山,,,,兵庫県,近畿,,,,,,,,
摩耶山,摩耶山,,,,兵庫県,近畿,,,,,,,,
丹生山,丹生山,,,,兵庫県,近畿,,,,,,,,
高御位山,高御位山,,,,兵庫県,近畿,,,,,,,,
雪彦山,雪彦山,,,,兵庫県,近畿,,,,,,,,
蘇武岳,蘇武岳,,,,兵庫県,近畿,,,,,,,,
高取山,高取山,,,,兵庫県,近畿,,,,,,,,
雄岡山,雄岡山,,,,兵庫県,近畿,,,,,,,,
雌岡山,雌岡山,,,,兵庫県,近畿,,,,,,,,
来日岳,来日岳,,,,兵庫県,近畿,,,,,,,,
三嶽,三嶽,,,,兵庫県,近畿,,,,,,,,
小金ガ岳,小金ガ岳,,,,兵庫県,近畿,,,,,,,,
東床尾山,東床尾山,,,,兵庫県,近畿,,,,,,,,
日名倉山,日名倉山,,,,兵庫県,近畿,,,,,,,,
三室山,三室山,,,,兵庫県,近畿,,,,,,,,
五台山,五台山,,,,兵庫県,近畿,,,,,,,,
白髪岳,白髪岳,,,,兵庫県,近畿,,,,,,,,
諭鶴羽山,諭鶴羽山,,,,兵庫県,近畿,,,,,,,,
鏑射山,鏑射山,,,,兵庫県,近畿,,,,,,,,
菊水山,菊水山,,,,兵庫県,近畿,,,,,,,,
再度山,再度山,,,,兵庫県,近畿,,,,,,,,
段ヶ峰,段ヶ峰,,,,兵庫県,近畿,,,,,,,,
吉野山,吉野山,,,,奈良県,近畿,,,,,,,,
生駒山,生駒山,,,,奈良県,近畿,,,,,,,,
大台ケ原,大台ケ原,,,,奈良県,近畿,,,,,,,,
八経ヶ岳,八経ヶ岳,,,,奈良県,近畿,,,,,,,,
高見山,高見山,,,,奈良県,近畿,,,,,,,,
大普賢岳,大普賢岳,,,,奈良県,近畿,,,,,,,,
大和葛城山,大和葛城山,,,,奈良県,近畿,,,,,,,,
三峰山,三峰山,,,,奈良県,近畿,,,,,,,,
大峰山(山上ヶ岳),大峰山(山上ヶ岳),,,,奈良県,近畿,,,,,,,,
曽爾高原,曽爾高原,,,,奈良県,近畿,,,,,,,,
稲村ヶ岳,稲村ヶ岳,,,,奈良県,近畿,,,,,,,,
信貴山,信貴山,,,,奈良県,近畿,,,,,,,,
池木屋山,池木屋山,,,,奈良県,近畿,,,,,,,,
竜門岳,竜門岳,,,,奈良県,近畿,,,,,,,,
鎧岳,鎧岳,,,,奈良県,近畿,,,,,,,,
兜岳,兜岳,,,,奈良県,近畿,,,,,,,,
古光山,古光山,,,,奈良県,近畿,,,,,,,,
学能堂山,学能堂山,,,,奈良県,近畿,,,,,,,,
薊岳,薊岳,,,,奈良県,近畿,,,,,,,,
多武峰,多武峰,,,,奈良県,近畿,,,,,,,,
白屋岳,白屋岳,,,,奈良県,近畿,,,,,,,,
伊那佐山,伊那佐山,,,,奈良県,近畿,,,,,,,,
釈迦ガ岳,釈迦ガ岳,,,,奈良県,近畿,,,,,,,,
中八人山,中八人山,,,,奈良県,近畿,,,,,,,,
笠捨山,笠捨山,,,,奈良県,近畿,,,,,,,,
玉置山,玉置山,,,,奈良県,近畿,,,,,,,,
伯母子岳,伯母子岳,,,,奈良県,近畿,,,,,,,,
冷水山,冷水山,,,,奈良県,近畿,,,,,,,,
二上山,二上山,,,,奈良県,近畿,,,,,,,,
和佐又山,和佐又山,,,,奈良県,近畿,,,,,,,,
観音峯山,観音峯山,,,,奈良県,近畿,,,,,,,,
七面山,七面山,,,,奈良県,近畿,,,,,,,,
高野山,高野山,,,,和歌山県,近畿,,,,,,,,
護摩壇山,護摩壇山,,,,和歌山県,近畿,,,,,,,,
楊柳山,楊柳山,,,,和歌山県,近畿,,,,,,,,
生石高原,生石高原,,,,和歌山県,近畿,,,,,,,,
大塔山,大塔山,,,,和歌山県,近畿,,,,,,,,
百間山,百間山,,,,和歌山県,近畿,,,,,,,,
大山,大山,,,,鳥取県,中国,,,,,,,,
三朝高原,三朝高原,,,,鳥取県,中国,,,,,,,,
扇ノ山,扇ノ山,,,,鳥取県,中国,,,,,,,,
船上山,船上山,,,,鳥取県,中国,,,,,,,,
打吹山,打吹山,,,,鳥取県,中国,,,,,,,,
鷲峰山,鷲峰山,,,,鳥取県,中国,,,,,,,,
野田ヶ山,野田ヶ山,,,,鳥取県,中国,,,,,,,,
大万木山,大万木山,,,,島根県,中国,,,,,,,,
船通山,船通山,,,,島根県,中国,,,,,,,,
三瓶山,三瓶山,,,,島根県,中国,,,,,,,,
鼻高山,鼻高山,,,,島根県,中国,,,,,,,,
旅伏山,旅伏山,,,,島根県,中国,,,,,,,,
琴引山,琴引山,,,,島根県,中国,,,,,,,,
蒜山高原,蒜山高原,,,,岡山県,中国,,,,,,,,
人形峠,人形峠,,,,岡山県,中国,,,,,,,,
鷲羽山,鷲羽山,,,,岡山県,中国,,,,,,,,
恩原高原,恩原高原,,,,岡山県,中国,,,,,,,,
那岐山,那岐山,,,,岡山県,中国,,,,,,,,
後山,後山,,,,岡山県,中国,,,,,,,,
櫃ヶ山,櫃ヶ山,,,,岡山県,中国,,,,,,,,
道後山,道後山,,,,広島県,中国,,,,,,,,
芸北,芸北,,,,広島県,中国,,,,,,,,
三倉岳,三倉岳,,,,広島県,中国,,,,,,,,
弥山登山道,弥山登山道,,,,広島県,中国,,,,,,,,
野呂山,野呂山,,,,広島県,中国,,,,,,,,
天上山,天上山,,,,広島県,中国,,,,,,,,
神峰山,神峰山,,,,広島県,中国,,,,,,,,
恐羅漢山,恐羅漢山,,,,広島県,中国,,,,,,,,
深入山,深入山,,,,広島県,中国,,,,,,,,
十方山,十方山,,,,広島県,中国,,,,,,,,
比婆山,比婆山,,,,広島県,中国,,,,,,,,
吉和冠山,吉和冠山,,,,広島県,中国,,,,,,,,
極楽寺山,極楽寺山,,,,広島県,中国,,,,,,,,
弥山,弥山,,,,広島県,中国,,,,,,,,
武田山,武田山,,,,広島県,中国,,,,,,,,
白木山,白木山,,,,広島県,中国,,,,,,,,
秋吉台,秋吉台,,,,広島県,中国,,,,,,,,
長野山,長野山,,,,広島県,中国,,,,,,,,
馬糞ヶ岳,馬糞ヶ岳,,,,広島県,中国,,,,,,,,
寂地山,寂地山,,,,広島県,中国,,,,,,,,
右田ヶ岳,右田ヶ岳,,,,広島県,中国,,,,,,,,
火の山(下関市),火の山(下関市),,,,広島県,中国,,,,,,,,
剣山,剣山,,,,徳島県,四国,,,,,,,,
祖谷渓,祖谷渓,,,,徳島県,四国,,,,,,,,
大歩危・小歩危,大歩危・小歩危,,,,徳島県,四国,,,,,,,,
三嶺,三嶺,,,,徳島県,四国,,,,,,,,
高越山,高越山,,,,徳島県,四国,,,,,,,,
大川山,大川山,,,,香川県,四国,,,,,,,,
竜王山,竜王山,,,,香川県,四国,,,,,,,,
石鎚山,石鎚山,,,,愛媛県,四国,,,,,,,,
面河渓,面河渓,,,,愛媛県,四国,,,,,,,,
東赤石山,東赤石山,,,,愛媛県,四国,,,,,,,,
皿ヶ嶺,皿ヶ嶺,,,,愛媛県,四国,,,,,,,,
瓶ヶ森,瓶ヶ森,,,,愛媛県,四国,,,,,,,,
豊受山,豊受山,,,,愛媛県,四国,,,,,,,,
大川嶺,大川嶺,,,,愛媛県,四国,,,,,,,,
塩塚高原,塩塚高原,,,,愛媛県,四国,,,,,,,,
平家平,平家平,,,,愛媛県,四国,,,,,,,,
東三方ヶ森,東三方ヶ森,,,,愛媛県,四国,,,,,,,,
三本杭,三本杭,,,,愛媛県,四国,,,,,,,,
地芳峠,地芳峠,,,,愛媛県,四国,,,,,,,,
中津明神山,中津明神山,,,,高知県,四国,,,,,,,,
鳥形山,鳥形山,,,,高知県,四国,,,,,,,,
天狗高原,天狗高原,,,,高知県,四国,,,,,,,,
横倉山,横倉山,,,,高知県,四国,,,,,,,,
寒風山,寒風山,,,,高知県,四国,,,,,,,,
工石山,工石山,,,,高知県,四国,,,,,,,,
手箱山,手箱山,,,,高知県,四国,,,,,,,,
梶ヶ森,梶ヶ森,,,,高知県,四国,,,,,,,,
石立山,石立山,,,,高知県,四国,,,,,,,,
よさこい峠,よさこい峠,,,,高知県,四国,,,,,,,,
稲叢山,稲叢山,,,,高知県,四国,,,,,,,,
不入山,不入山,,,,高知県,四国,,,,,,,,
白髪山（香美市）,白髪山（香美市）,,,,高知県,四国,,,,,,,,
五段高原四国カルスト,五段高原四国カルスト,,,,高知県,四国,,,,,,,,
当別峠,当別峠,,,,高知県,四国,,,,,,,,
背振山,背振山,,,,福岡県,九州・沖縄,,,,,,,,
福智山,福智山,,,,福岡県,九州・沖縄,,,,,,,,
英彦山,英彦山,,,,福岡県,九州・沖縄,,,,,,,,
叶岳,叶岳,,,,福岡県,九州・沖縄,,,,,,,,
皿倉山・帆柱山,皿倉山・帆柱山,,,,福岡県,九州・沖縄,,,,,,,,
浮嶽,浮嶽,,,,福岡県,九州・沖縄,,,,,,,,
雷山,雷山,,,,福岡県,九州・沖縄,,,,,,,,
高良山,高良山,,,,福岡県,九州・沖縄,,,,,,,,
宝満山,宝満山,,,,福岡県,九州・沖縄,,,,,,,,
足立山,足立山,,,,福岡県,九州・沖縄,,,,,,,,
井原山,井原山,,,,福岡県,九州・沖縄,,,,,,,,
求菩提山,求菩提山,,,,福岡県,九州・沖縄,,,,,,,,
古処山,古処山,,,,福岡県,九州・沖縄,,,,,,,,
天山,天山,,,,佐賀県,九州・沖縄,,,,,,,,
多良岳,多良岳,,,,佐賀県,九州・沖縄,,,,,,,,
黒髪山,黒髪山,,,,佐賀県,九州・沖縄,,,,,,,,
経ケ岳,経ケ岳,,,,佐賀県,九州・沖縄,,,,,,,,
九千部山,九千部山,,,,佐賀県,九州・沖縄,,,,,,,,
雲仙,雲仙,,,,長崎県,九州・沖縄,,,,,,,,
金比羅山(長崎市),金比羅山(長崎市),,,,長崎県,九州・沖縄,,,,,,,,
普賢岳,普賢岳,,,,長崎県,九州・沖縄,,,,,,,,
七ツ岳 ,七ツ岳 ,,,,長崎県,九州・沖縄,,,,,,,,
対馬白嶽,対馬白嶽,,,,長崎県,九州・沖縄,,,,,,,,
有明山,有明山,,,,長崎県,九州・沖縄,,,,,,,,
長浦岳,長浦岳,,,,長崎県,九州・沖縄,,,,,,,,
虚空蔵山,虚空蔵山,,,,長崎県,九州・沖縄,,,,,,,,
阿蘇山,阿蘇山,,,,熊本県,九州・沖縄,,,,,,,,
国見岳,国見岳,,,,熊本県,九州・沖縄,,,,,,,,
仰烏帽子山,仰烏帽子山,,,,熊本県,九州・沖縄,,,,,,,,
市房山,市房山,,,,熊本県,九州・沖縄,,,,,,,,
鞍岳,鞍岳,,,,熊本県,九州・沖縄,,,,,,,,
八方ヶ岳,八方ヶ岳,,,,熊本県,九州・沖縄,,,,,,,,
白髪岳 ,白髪岳 ,,,,熊本県,九州・沖縄,,,,,,,,
俵山,俵山,,,,熊本県,九州・沖縄,,,,,,,,
次郎丸岳,次郎丸岳,,,,熊本県,九州・沖縄,,,,,,,,
太郎丸岳,太郎丸岳,,,,熊本県,九州・沖縄,,,,,,,,
筒ヶ岳,筒ヶ岳,,,,熊本県,九州・沖縄,,,,,,,,
九重連山(中岳),九重連山(中岳),,,,大分県,九州・沖縄,,,,,,,,
久住高原,久住高原,,,,大分県,九州・沖縄,,,,,,,,
飯田高原,飯田高原,,,,大分県,九州・沖縄,,,,,,,,
祖母山,祖母山,,,,大分県,九州・沖縄,,,,,,,,
由布岳,由布岳,,,,大分県,九州・沖縄,,,,,,,,
鶴見岳,鶴見岳,,,,大分県,九州・沖縄,,,,,,,,
八面山,八面山,,,,大分県,九州・沖縄,,,,,,,,
傾山,傾山,,,,大分県,九州・沖縄,,,,,,,,
涌蓋山,涌蓋山,,,,大分県,九州・沖縄,,,,,,,,
田原山,田原山,,,,大分県,九州・沖縄,,,,,,,,
一尺八寸山,一尺八寸山,,,,大分県,九州・沖縄,,,,,,,,
猟師山,猟師山,,,,大分県,九州・沖縄,,,,,,,,
平治岳,平治岳,,,,大分県,九州・沖縄,,,,,,,,
久住山,久住山,,,,大分県,九州・沖縄,,,,,,,,
大船山,大船山,,,,大分県,九州・沖縄,,,,,,,,
伽藍岳,伽藍岳,,,,大分県,九州・沖縄,,,,,,,,
釈迦岳,釈迦岳,,,,大分県,九州・沖縄,,,,,,,,
長者原,長者原,,,,大分県,九州・沖縄,,,,,,,,
高千穂峰,高千穂峰,,,,宮崎県,九州・沖縄,,,,,,,,
えびの高原,えびの高原,,,,宮崎県,九州・沖縄,,,,,,,,
高千穂峡,高千穂峡,,,,宮崎県,九州・沖縄,,,,,,,,
行縢山,行縢山,,,,宮崎県,九州・沖縄,,,,,,,,
大崩山,大崩山,,,,宮崎県,九州・沖縄,,,,,,,,
韓国岳,韓国岳,,,,宮崎県,九州・沖縄,,,,,,,,
白鳥山 ,白鳥山 ,,,,宮崎県,九州・沖縄,,,,,,,,
諸塚山 ,諸塚山 ,,,,宮崎県,九州・沖縄,,,,,,,,
五葉岳,五葉岳,,,,宮崎県,九州・沖縄,,,,,,,,
比叡山,比叡山,,,,宮崎県,九州・沖縄,,,,,,,,
扇山,扇山,,,,宮崎県,九州・沖縄,,,,,,,,
双石山,双石山,,,,宮崎県,九州・沖縄,,,,,,,,
尾鈴山,尾鈴山,,,,宮崎県,九州・沖縄,,,,,,,,
夏木山,夏木山,,,,宮崎県,九州・沖縄,,,,,,,,
白岩山,白岩山,,,,宮崎県,九州・沖縄,,,,,,,,
石堂山,石堂山,,,,宮崎県,九州・沖縄,,,,,,,,
釈迦ヶ岳,釈迦ヶ岳,,,,宮崎県,九州・沖縄,,,,,,,,
三方岳,三方岳,,,,宮崎県,九州・沖縄,,,,,,,,
硫黄山,硫黄山,,,,宮崎県,九州・沖縄,,,,,,,,
二つ岳,二つ岳,,,,宮崎県,九州・沖縄,,,,,,,,
鰐塚山,鰐塚山,,,,宮崎県,九州・沖縄,,,,,,,,
時雨岳,時雨岳,,,,宮崎県,九州・沖縄,,,,,,,,
霧島,霧島,,,,鹿児島,九州・沖縄,,,,,,,,
桜島,桜島,,,,鹿児島,九州・沖縄,,,,,,,,
開聞岳,開聞岳,,,,鹿児島,九州・沖縄,,,,,,,,
宮之浦岳,宮之浦岳,,,,鹿児島,九州・沖縄,,,,,,,,
高隈山 ,高隈山 ,,,,鹿児島,九州・沖縄,,,,,,,,
磯間岳,磯間岳,,,,鹿児島,九州・沖縄,,,,,,,,
藺牟田池愛宕山,藺牟田池愛宕山,,,,鹿児島,九州・沖縄,,,,,,,,
栗野岳,栗野岳,,,,鹿児島,九州・沖縄,,,,,,,,
甫与志岳,甫与志岳,,,,鹿児島,九州・沖縄,,,,,,,,
稲尾岳,稲尾岳,,,,鹿児島,九州・沖縄,,,,,,,,
冠岳,冠岳,,,,鹿児島,九州・沖縄,,,,,,,,
辻岳,辻岳,,,,鹿児島,九州・沖縄,,,,,,,,
新燃岳,新燃岳,,,,鹿児島,九州・沖縄,,,,,,,,
大浪池,大浪池,,,,鹿児島,九州・沖縄,,,,,,,,
新岳(口永良部島),新岳(口永良部島),,,,鹿児島,九州・沖縄,,,,,,,,
硫黄岳,硫黄岳,,,,鹿児島,九州・沖縄,,,,,,,,
刀剣山,刀剣山,,,,鹿児島,九州・沖縄,,,,,,,,
白谷雲水峡(太鼓岩),白谷雲水峡(太鼓岩),,,,鹿児島,九州・沖縄,,,,,,,,
番屋ヶ峰,番屋ヶ峰,,,,鹿児島,九州・沖縄,,,,,,,,
古岳,古岳,,,,鹿児島,九州・沖縄,,,,,,,,
花尾山,花尾山,,,,鹿児島,九州・沖縄,,,,,,,,
三重嶽,三重嶽,,,,鹿児島,九州・沖縄,,,,,,,,
八重山,八重山,,,,鹿児島,九州・沖縄,,,,,,,,
遠目木山,遠目木山,,,,鹿児島,九州・沖縄,,,,,,,,
嶺の山（牟礼山）,嶺の山（牟礼山）,,,,鹿児島,九州・沖縄,,,,,,,,
石川岳,石川岳,,,,沖縄県,九州・沖縄,,,,,,,,
宇良部岳,宇良部岳,,,,沖縄県,九州・沖縄,,,,,,,,
与那覇岳,与那覇岳,,,,沖縄県,九州・沖縄,,,,,,,,
於茂登岳,於茂登岳,,,,沖縄県,九州・沖縄,,,,,,,,